date,price
2024-09-13 15:59:59+00:00,35.745
2024-09-16 06:25:43+00:00,35.06
2024-09-16 06:49:44+00:00,34.52
2024-09-16 07:16:43+00:00,34.845
2024-09-16 07:29:42+00:00,34.82
2024-09-16 07:45:45+00:00,34.795
2024-09-16 08:23:47+00:00,34.885
2024-09-16 08:48:27+00:00,34.575
2024-09-16 09:20:24+00:00,34.66
2024-09-16 09:45:46+00:00,34.4
2024-09-16 10:18:38+00:00,34.05
2024-09-16 10:38:38+00:00,34.155
2024-09-16 10:49:17+00:00,34.145
2024-09-16 11:14:40+00:00,34.235
2024-09-16 11:27:34+00:00,34.26
2024-09-16 11:45:43+00:00,34.2
2024-09-16 12:35:47+00:00,34.175
2024-09-16 13:02:46+00:00,34.34
2024-09-16 13:35:46+00:00,34.49
2024-09-16 13:45:44+00:00,34.6
2024-09-16 14:17:45+00:00,34.335
2024-09-16 14:35:43+00:00,34.18
2024-09-16 14:47:05+00:00,34.2
2024-09-16 15:19:42+00:00,34.135
2024-09-16 15:34:42+00:00,34.145
2024-09-16 15:45:47+00:00,34.2
2024-09-16 15:59:58+00:00,34.325
2024-09-17 06:22:44+00:00,33.935
2024-09-17 06:46:04+00:00,34.12
2024-09-17 07:15:25+00:00,34.395
2024-09-17 07:28:47+00:00,34.425
2024-09-17 07:45:43+00:00,34.49
2024-09-17 08:23:44+00:00,34.495
2024-09-17 08:47:44+00:00,34.525
2024-09-17 09:17:47+00:00,34.745
2024-09-17 09:31:43+00:00,34.69
2024-09-17 09:45:40+00:00,34.52
2024-09-17 10:18:43+00:00,34.67
2024-09-17 10:36:47+00:00,34.8
2024-09-17 10:48:40+00:00,34.75
2024-09-17 11:14:38+00:00,34.705
2024-09-17 11:26:41+00:00,34.8
2024-09-17 11:45:44+00:00,35.13
2024-09-17 12:34:42+00:00,34.995
2024-09-17 12:51:36+00:00,34.915
2024-09-17 13:33:42+00:00,35.245
2024-09-17 13:45:43+00:00,35.52
2024-09-17 14:15:47+00:00,35.425
2024-09-17 14:31:35+00:00,35.425
2024-09-17 14:45:46+00:00,35.315
2024-09-17 15:18:42+00:00,35.49
2024-09-17 15:33:41+00:00,35.34
2024-09-17 15:45:20+00:00,35.395
2024-09-17 15:59:59+00:00,35.61
2024-09-18 06:25:42+00:00,35.22
2024-09-18 06:47:29+00:00,35.425
2024-09-18 07:16:42+00:00,35.5
2024-09-18 07:27:46+00:00,35.545
2024-09-18 07:45:45+00:00,35.085
2024-09-18 08:20:34+00:00,34.98
2024-09-18 08:47:41+00:00,34.85
2024-09-18 09:18:42+00:00,35.085
2024-09-18 09:33:47+00:00,35.075
2024-09-18 09:45:36+00:00,35.11
2024-09-18 10:18:43+00:00,35.25
2024-09-18 10:37:39+00:00,35.25
2024-09-18 10:48:38+00:00,35.185
2024-09-18 11:14:42+00:00,35.19
2024-09-18 11:26:32+00:00,35.105
2024-09-18 11:45:47+00:00,35.08
2024-09-18 12:33:48+00:00,35.055
2024-09-18 13:01:44+00:00,34.915
2024-09-18 13:33:43+00:00,35.045
2024-09-18 13:45:44+00:00,35.025
2024-09-18 14:16:47+00:00,34.805
2024-09-18 14:34:39+00:00,34.96
2024-09-18 14:45:41+00:00,35.295
2024-09-18 15:18:39+00:00,35.3
2024-09-18 15:33:47+00:00,35.405
2024-09-18 15:45:40+00:00,35.555
2024-09-18 16:00:05+00:00,35.67
2024-09-19 06:24:19+00:00,35.94
2024-09-19 06:48:32+00:00,35.96
2024-09-19 07:15:46+00:00,36.11
2024-09-19 07:27:45+00:00,36.06
2024-09-19 07:45:43+00:00,36.195
2024-09-19 08:22:44+00:00,36.46
2024-09-19 08:47:46+00:00,36.25
2024-09-19 09:18:45+00:00,36.21
2024-09-19 09:32:41+00:00,36.355
2024-09-19 09:45:33+00:00,36.595
2024-09-19 10:18:35+00:00,36.36
2024-09-19 10:37:25+00:00,36.39
2024-09-19 10:48:37+00:00,36.355
2024-09-19 11:14:46+00:00,36.465
2024-09-19 11:26:45+00:00,36.41
2024-09-19 11:45:41+00:00,36.355
2024-09-19 12:34:46+00:00,36.685
2024-09-19 13:02:44+00:00,35.945
2024-09-19 13:33:43+00:00,33.99
2024-09-19 13:45:45+00:00,33.535
2024-09-19 14:16:43+00:00,33.22
2024-09-19 14:34:46+00:00,33.35
2024-09-19 14:45:47+00:00,33.235
2024-09-19 15:18:43+00:00,33.035
2024-09-19 15:33:44+00:00,32.76
2024-09-19 15:45:46+00:00,32.86
2024-09-19 15:59:58+00:00,33.09
2024-09-20 06:24:45+00:00,34.46
2024-09-20 06:48:40+00:00,34.18
2024-09-20 07:17:46+00:00,34.05
2024-09-20 07:29:45+00:00,34.175
2024-09-20 07:45:32+00:00,34.145
2024-09-20 08:22:44+00:00,33.93
2024-09-20 08:46:46+00:00,34.235
2024-09-20 09:21:45+00:00,34.455
2024-09-20 09:45:45+00:00,34.525
2024-09-20 10:18:32+00:00,34.285
2024-09-20 10:37:43+00:00,34.265
2024-09-20 10:47:13+00:00,34.27
2024-09-20 11:14:46+00:00,34.645
2024-09-20 11:26:42+00:00,34.65
2024-09-20 11:45:40+00:00,34.815
2024-09-20 12:34:46+00:00,34.655
2024-09-20 13:01:38+00:00,34.62
2024-09-20 13:32:42+00:00,34.76
2024-09-20 13:45:43+00:00,34.835
2024-09-20 14:16:47+00:00,34.62
2024-09-20 14:33:46+00:00,34.18
2024-09-20 14:45:45+00:00,34.27
2024-09-20 15:18:45+00:00,34.52
2024-09-20 15:32:42+00:00,34.54
2024-09-20 15:45:45+00:00,34.75
2024-09-20 15:59:59+00:00,34.625
2024-09-23 06:26:46+00:00,36.18
2024-09-23 06:48:40+00:00,36.4
2024-09-23 07:14:53+00:00,36.005
2024-09-23 07:28:31+00:00,36.15
2024-09-23 07:45:39+00:00,36.595
2024-09-23 08:23:46+00:00,36.385
2024-09-23 08:50:44+00:00,36.56
2024-09-23 09:21:42+00:00,36.315
2024-09-23 09:45:33+00:00,36.08
2024-09-23 10:20:46+00:00,35.97
2024-09-23 10:45:54+00:00,36.075
2024-09-23 11:14:46+00:00,36.21
2024-09-23 11:26:40+00:00,36.39
2024-09-23 11:45:37+00:00,36.235
2024-09-23 12:35:44+00:00,35.945
2024-09-23 13:02:42+00:00,36.045
2024-09-23 13:35:39+00:00,36.03
2024-09-23 13:46:44+00:00,36.13
2024-09-23 14:16:46+00:00,36.795
2024-09-23 14:35:37+00:00,36.665
2024-09-23 14:46:33+00:00,36.74
2024-09-23 15:17:59+00:00,36.835
2024-09-23 15:32:45+00:00,36.895
2024-09-23 15:45:45+00:00,36.89
2024-09-23 15:59:59+00:00,36.98
2024-09-24 06:25:46+00:00,37.29
2024-09-24 06:49:40+00:00,37.055
2024-09-24 07:16:47+00:00,37.255
2024-09-24 07:28:29+00:00,36.985
2024-09-24 07:45:40+00:00,36.775
2024-09-24 08:24:43+00:00,36.625
2024-09-24 08:49:44+00:00,36.59
2024-09-24 09:19:36+00:00,36.705
2024-09-24 09:34:45+00:00,36.835
2024-09-24 09:45:45+00:00,36.91
2024-09-24 10:20:38+00:00,36.705
2024-09-24 10:46:43+00:00,36.43
2024-09-24 11:14:46+00:00,36.54
2024-09-24 11:26:41+00:00,36.485
2024-09-24 11:45:47+00:00,36.595
2024-09-24 12:36:46+00:00,36.775
2024-09-24 13:04:40+00:00,36.44
2024-09-24 13:36:45+00:00,36.185
2024-09-24 13:47:43+00:00,36.295
2024-09-24 14:15:44+00:00,36.205
2024-09-24 14:34:40+00:00,36.12
2024-09-24 14:45:43+00:00,36.35
2024-09-24 15:18:43+00:00,36.22
2024-09-24 15:34:45+00:00,36.605
2024-09-24 15:45:36+00:00,36.715
2024-09-24 15:59:57+00:00,36.875
2024-09-25 06:25:43+00:00,36.83
2024-09-25 06:49:38+00:00,36.905
2024-09-25 07:16:39+00:00,36.95
2024-09-25 07:29:45+00:00,36.99
2024-09-25 07:45:43+00:00,37.115
2024-09-25 08:24:43+00:00,37.18
2024-09-25 08:50:44+00:00,37.095
2024-09-25 09:19:43+00:00,37.02
2024-09-25 09:35:44+00:00,36.88
2024-09-25 09:46:37+00:00,36.91
2024-09-25 10:18:46+00:00,36.975
2024-09-25 10:46:45+00:00,37.21
2024-09-25 11:15:45+00:00,37.31
2024-09-25 11:27:43+00:00,37.18
2024-09-25 11:45:46+00:00,37.175
2024-09-25 12:36:41+00:00,36.685
2024-09-25 13:04:43+00:00,36.875
2024-09-25 13:36:39+00:00,37.22
2024-09-25 13:47:46+00:00,37.485
2024-09-25 14:17:44+00:00,37.585
2024-09-25 14:36:42+00:00,37.65
2024-09-25 14:48:35+00:00,37.9
2024-09-25 15:19:46+00:00,38.005
2024-09-25 15:35:41+00:00,38.03
2024-09-25 15:46:43+00:00,38.025
2024-09-25 15:59:58+00:00,38.175
2024-09-26 06:25:31+00:00,37.785
2024-09-26 06:49:37+00:00,37.7
2024-09-26 07:16:47+00:00,37.565
2024-09-26 07:29:43+00:00,37.59
2024-09-26 07:45:40+00:00,37.585
2024-09-26 08:23:39+00:00,37.44
2024-09-26 08:49:39+00:00,37.575
2024-09-26 09:18:44+00:00,37.515
2024-09-26 09:36:35+00:00,37.65
2024-09-26 09:47:40+00:00,37.58
2024-09-26 10:19:39+00:00,37.665
2024-09-26 10:37:29+00:00,37.7
2024-09-26 10:48:43+00:00,37.585
2024-09-26 11:14:41+00:00,37.41
2024-09-26 11:26:29+00:00,37.425
2024-09-26 11:45:33+00:00,37.385
2024-09-26 12:36:44+00:00,37.71
2024-09-26 13:04:38+00:00,37.91
2024-09-26 13:36:43+00:00,37.95
2024-09-26 13:47:42+00:00,38.185
2024-09-26 14:17:46+00:00,37.99
2024-09-26 14:37:42+00:00,38.06
2024-09-26 14:48:47+00:00,38.39
2024-09-26 15:19:40+00:00,38.395
2024-09-26 15:34:45+00:00,37.065
2024-09-26 15:45:44+00:00,37.895
2024-09-26 15:59:59+00:00,38.075
2024-09-27 06:26:18+00:00,38.165
2024-09-27 06:49:38+00:00,38.24
2024-09-27 07:16:40+00:00,37.94
2024-09-27 07:29:46+00:00,37.795
2024-09-27 07:45:31+00:00,37.965
2024-09-27 08:22:43+00:00,38.035
2024-09-27 08:48:41+00:00,38.265
2024-09-27 09:19:45+00:00,38.4
2024-09-27 09:33:42+00:00,38.295
2024-09-27 09:45:28+00:00,38.175
2024-09-27 10:18:47+00:00,38.195
2024-09-27 10:38:42+00:00,38.14
2024-09-27 10:49:43+00:00,38.12
2024-09-27 11:15:41+00:00,37.87
2024-09-27 11:27:44+00:00,37.805
2024-09-27 11:45:37+00:00,37.675
2024-09-27 12:35:46+00:00,38.01
2024-09-27 13:03:11+00:00,38.05
2024-09-27 13:34:39+00:00,38.29
2024-09-27 13:46:45+00:00,38.2
2024-09-27 14:16:31+00:00,38.275
2024-09-27 14:35:44+00:00,38.525
2024-09-27 14:46:40+00:00,38.525
2024-09-27 15:18:33+00:00,38.57
2024-09-27 15:33:44+00:00,38.51
2024-09-27 15:45:37+00:00,38.525
2024-09-27 15:59:59+00:00,38.655
2024-09-30 08:25:47+00:00,39.04
2024-09-30 08:50:44+00:00,38.86
2024-09-30 09:21:32+00:00,38.95
2024-09-30 09:45:44+00:00,38.805
2024-09-30 10:20:38+00:00,38.98
2024-09-30 10:46:45+00:00,39.09
2024-09-30 11:14:38+00:00,39.185
2024-09-30 11:27:47+00:00,38.965
2024-09-30 11:45:47+00:00,38.9
2024-09-30 12:37:39+00:00,38.875
2024-09-30 13:05:21+00:00,39.055
2024-09-30 13:37:37+00:00,39.24
2024-09-30 13:48:45+00:00,39.285
2024-09-30 14:16:43+00:00,38.9
2024-09-30 14:37:46+00:00,39.0
2024-09-30 14:48:47+00:00,39.1
2024-09-30 15:19:45+00:00,38.945
2024-09-30 15:36:47+00:00,38.935
2024-09-30 15:47:46+00:00,38.81
2024-09-30 15:59:56+00:00,38.66
2024-10-01 06:26:37+00:00,38.48
2024-10-01 06:50:36+00:00,38.65
2024-10-01 07:17:38+00:00,38.34
2024-10-01 07:30:43+00:00,38.28
2024-10-01 07:45:44+00:00,38.255
2024-10-01 08:24:40+00:00,38.11
2024-10-01 08:49:46+00:00,38.16
2024-10-01 09:19:47+00:00,37.875
2024-10-01 09:35:45+00:00,37.915
2024-10-01 09:47:37+00:00,38.11
2024-10-01 10:19:28+00:00,38.255
2024-10-01 10:47:34+00:00,38.115
2024-10-01 11:15:43+00:00,38.205
2024-10-01 11:28:43+00:00,38.255
2024-10-01 11:45:44+00:00,38.195
2024-10-01 12:36:41+00:00,37.595
2024-10-01 13:05:44+00:00,37.74
2024-10-01 13:36:37+00:00,38.07
2024-10-01 13:47:42+00:00,38.355
2024-10-01 14:16:36+00:00,38.425
2024-10-01 14:36:43+00:00,38.735
2024-10-01 14:47:38+00:00,38.87
2024-10-01 15:18:43+00:00,39.335
2024-10-01 15:34:45+00:00,39.535
2024-10-01 15:46:46+00:00,39.355
2024-10-01 15:59:57+00:00,39.28
2024-10-02 06:25:38+00:00,40.05
2024-10-02 06:48:36+00:00,39.745
2024-10-02 07:16:45+00:00,39.475
2024-10-02 07:28:41+00:00,39.355
2024-10-02 07:45:44+00:00,39.53
2024-10-02 08:23:44+00:00,38.92
2024-10-02 08:49:43+00:00,39.055
2024-10-02 09:18:47+00:00,38.635
2024-10-02 09:34:42+00:00,38.89
2024-10-02 09:45:31+00:00,38.92
2024-10-02 10:18:41+00:00,38.98
2024-10-02 10:37:43+00:00,38.86
2024-10-02 10:48:45+00:00,39.035
2024-10-02 11:14:29+00:00,38.895
2024-10-02 11:26:45+00:00,38.95
2024-10-02 11:45:27+00:00,39.085
2024-10-02 12:35:35+00:00,39.03
2024-10-02 13:03:45+00:00,39.13
2024-10-02 13:34:41+00:00,39.425
2024-10-02 13:46:40+00:00,39.545
2024-10-02 14:15:43+00:00,39.4
2024-10-02 14:33:31+00:00,39.175
2024-10-02 14:45:43+00:00,39.145
2024-10-02 15:19:47+00:00,38.645
2024-10-02 15:35:47+00:00,38.77
2024-10-02 15:47:43+00:00,38.79
2024-10-02 16:00:00+00:00,38.9
2024-10-03 06:25:43+00:00,38.285
2024-10-03 06:48:43+00:00,38.11
2024-10-03 07:18:47+00:00,38.13
2024-10-03 07:29:46+00:00,38.37
2024-10-03 07:45:46+00:00,38.47
2024-10-03 08:23:04+00:00,38.44
2024-10-03 08:48:41+00:00,38.695
2024-10-03 09:19:43+00:00,38.535
2024-10-03 09:33:39+00:00,38.47
2024-10-03 09:45:46+00:00,38.45
2024-10-03 10:19:45+00:00,38.615
2024-10-03 10:38:45+00:00,38.745
2024-10-03 10:49:32+00:00,38.785
2024-10-03 11:14:46+00:00,38.85
2024-10-03 11:26:28+00:00,38.91
2024-10-03 11:45:44+00:00,38.855
2024-10-03 12:35:43+00:00,38.925
2024-10-03 13:03:37+00:00,38.91
2024-10-03 13:35:39+00:00,38.95
2024-10-03 13:46:36+00:00,38.965
2024-10-03 14:17:40+00:00,39.32
2024-10-03 14:36:44+00:00,39.38
2024-10-03 14:47:30+00:00,39.58
2024-10-03 15:19:42+00:00,39.795
2024-10-03 15:35:47+00:00,39.765
2024-10-03 15:46:26+00:00,39.72
2024-10-03 15:59:56+00:00,39.75
2024-10-04 06:25:45+00:00,39.5
2024-10-04 06:49:24+00:00,39.48
2024-10-04 07:16:29+00:00,39.63
2024-10-04 07:29:34+00:00,39.79
2024-10-04 07:45:35+00:00,39.845
2024-10-04 08:22:47+00:00,39.835
2024-10-04 08:48:45+00:00,39.815
2024-10-04 09:18:42+00:00,39.815
2024-10-04 09:35:34+00:00,39.745
2024-10-04 09:46:42+00:00,39.73
2024-10-04 10:19:35+00:00,39.825
2024-10-04 10:38:42+00:00,39.97
2024-10-04 10:49:45+00:00,40.01
2024-10-04 11:14:39+00:00,40.02
2024-10-04 11:25:38+00:00,39.955
2024-10-04 11:45:44+00:00,40.0
2024-10-04 12:35:43+00:00,40.29
2024-10-04 13:02:35+00:00,40.345
2024-10-04 13:34:45+00:00,40.685
2024-10-04 13:45:42+00:00,40.69
2024-10-04 14:16:46+00:00,40.975
2024-10-04 14:34:42+00:00,40.98
2024-10-04 14:45:40+00:00,40.97
2024-10-04 15:18:43+00:00,41.095
2024-10-04 15:34:40+00:00,40.84
2024-10-04 15:45:44+00:00,40.79
2024-10-04 15:59:59+00:00,40.75
2024-10-07 06:26:46+00:00,40.055
2024-10-07 06:49:41+00:00,40.145
2024-10-07 07:17:22+00:00,40.37
2024-10-07 07:29:31+00:00,40.555
2024-10-07 07:45:04+00:00,40.5
2024-10-07 08:22:46+00:00,40.305
2024-10-07 08:49:43+00:00,40.285
2024-10-07 09:20:44+00:00,40.22
2024-10-07 09:45:31+00:00,40.445
2024-10-07 10:19:17+00:00,40.355
2024-10-07 10:47:44+00:00,40.27
2024-10-07 11:16:37+00:00,39.825
2024-10-07 11:28:46+00:00,39.775
2024-10-07 11:45:43+00:00,39.695
2024-10-07 12:36:42+00:00,39.865
2024-10-07 13:04:37+00:00,39.535
2024-10-07 13:36:32+00:00,39.98
2024-10-07 13:47:42+00:00,40.12
2024-10-07 14:16:45+00:00,40.05
2024-10-07 14:36:39+00:00,39.86
2024-10-07 14:48:46+00:00,39.89
2024-10-07 15:19:47+00:00,40.485
2024-10-07 15:34:44+00:00,40.445
2024-10-07 15:45:45+00:00,40.805
2024-10-07 16:00:03+00:00,40.955
2024-10-08 06:25:40+00:00,39.895
2024-10-08 06:48:44+00:00,40.045
2024-10-08 07:17:45+00:00,40.095
2024-10-08 07:30:36+00:00,39.85
2024-10-08 07:45:39+00:00,39.685
2024-10-08 08:23:37+00:00,39.66
2024-10-08 08:49:32+00:00,39.555
2024-10-08 09:18:33+00:00,39.7
2024-10-08 09:33:46+00:00,39.87
2024-10-08 09:45:47+00:00,39.845
2024-10-08 10:18:46+00:00,39.605
2024-10-08 10:37:46+00:00,39.72
2024-10-08 10:48:42+00:00,39.535
2024-10-08 11:16:31+00:00,39.725
2024-10-08 11:29:10+00:00,39.745
2024-10-08 11:45:43+00:00,39.82
2024-10-08 12:33:41+00:00,39.9
2024-10-08 13:02:47+00:00,39.92
2024-10-08 13:34:41+00:00,39.635
2024-10-08 13:45:45+00:00,39.235
2024-10-08 14:18:34+00:00,38.925
2024-10-08 14:37:43+00:00,38.99
2024-10-08 14:48:44+00:00,39.065
2024-10-08 15:19:46+00:00,38.755
2024-10-08 15:35:43+00:00,38.68
2024-10-08 15:46:24+00:00,38.7
2024-10-08 15:59:56+00:00,38.55
2024-10-09 06:26:36+00:00,38.55
2024-10-09 06:49:42+00:00,38.735
2024-10-09 07:17:46+00:00,38.32
2024-10-09 07:29:41+00:00,38.515
2024-10-09 07:45:45+00:00,38.715
2024-10-09 08:23:46+00:00,38.65
2024-10-09 08:48:39+00:00,38.72
2024-10-09 09:19:13+00:00,38.605
2024-10-09 09:34:40+00:00,38.825
2024-10-09 09:46:15+00:00,38.87
2024-10-09 10:18:44+00:00,38.53
2024-10-09 10:39:39+00:00,38.535
2024-10-09 10:50:38+00:00,38.635
2024-10-09 11:15:45+00:00,38.695
2024-10-09 11:27:38+00:00,38.645
2024-10-09 11:45:40+00:00,38.81
2024-10-09 12:35:24+00:00,38.7
2024-10-09 13:03:46+00:00,38.9
2024-10-09 13:35:47+00:00,38.36
2024-10-09 13:47:40+00:00,38.37
2024-10-09 14:16:43+00:00,38.38
2024-10-09 14:35:36+00:00,38.17
2024-10-09 14:46:37+00:00,38.28
2024-10-09 15:18:42+00:00,38.3
2024-10-09 15:34:47+00:00,38.58
2024-10-09 15:46:40+00:00,38.525
2024-10-09 15:59:59+00:00,38.565
2024-10-10 06:25:25+00:00,38.175
2024-10-10 06:48:37+00:00,38.245
2024-10-10 07:16:14+00:00,38.405
2024-10-10 07:28:20+00:00,38.55
2024-10-10 07:46:42+00:00,38.73
2024-10-10 08:22:46+00:00,38.83
2024-10-10 08:48:42+00:00,39.175
2024-10-10 09:19:38+00:00,39.27
2024-10-10 09:34:44+00:00,39.26
2024-10-10 09:45:34+00:00,39.255
2024-10-10 10:18:46+00:00,39.62
2024-10-10 10:38:42+00:00,39.485
2024-10-10 10:49:41+00:00,39.48
2024-10-10 11:15:46+00:00,39.46
2024-10-10 11:27:22+00:00,39.365
2024-10-10 11:45:46+00:00,39.4
2024-10-10 12:35:43+00:00,39.6
2024-10-10 13:02:38+00:00,39.565
2024-10-10 13:35:58+00:00,39.79
2024-10-10 13:47:07+00:00,39.66
2024-10-10 14:17:06+00:00,40.015
2024-10-10 14:35:00+00:00,40.025
2024-10-10 14:46:03+00:00,40.045
2024-10-10 15:19:05+00:00,40.22
2024-10-10 15:35:03+00:00,40.09
2024-10-10 15:46:07+00:00,40.02
2024-10-10 15:59:56+00:00,40.105
2024-10-11 06:25:56+00:00,40.0
2024-10-11 06:49:08+00:00,39.9
2024-10-11 07:16:59+00:00,39.75
2024-10-11 07:31:00+00:00,39.605
2024-10-11 07:45:57+00:00,39.815
2024-10-11 08:23:08+00:00,39.94
2024-10-11 08:48:00+00:00,40.02
2024-10-11 09:19:07+00:00,39.75
2024-10-11 09:33:55+00:00,39.7
2024-10-11 09:46:07+00:00,39.865
2024-10-11 10:18:45+00:00,40.145
2024-10-11 10:38:05+00:00,40.16
2024-10-11 10:49:06+00:00,40.25
2024-10-11 11:15:04+00:00,40.345
2024-10-11 11:27:41+00:00,40.335
2024-10-11 11:46:03+00:00,40.18
2024-10-11 12:35:08+00:00,40.175
2024-10-11 13:02:05+00:00,40.275
2024-10-11 13:33:45+00:00,40.55
2024-10-11 13:46:03+00:00,40.365
2024-10-11 14:16:57+00:00,40.08
2024-10-11 14:35:06+00:00,39.975
2024-10-11 14:46:07+00:00,40.13
2024-10-11 15:19:03+00:00,39.86
2024-10-11 15:34:07+00:00,39.565
2024-10-11 15:46:04+00:00,39.675
2024-10-11 15:59:59+00:00,39.725
2024-10-14 06:27:05+00:00,39.415
2024-10-14 06:51:04+00:00,39.345
2024-10-14 07:19:04+00:00,39.665
2024-10-14 07:36:06+00:00,39.91
2024-10-14 07:47:06+00:00,40.12
2024-10-14 08:25:04+00:00,40.15
2024-10-14 08:49:50+00:00,40.15
2024-10-14 09:20:04+00:00,39.905
2024-10-14 09:46:07+00:00,39.85
2024-10-14 10:19:46+00:00,39.91
2024-10-14 10:46:46+00:00,40.015
2024-10-14 11:15:59+00:00,40.09
2024-10-14 11:27:18+00:00,40.15
2024-10-14 11:45:55+00:00,39.855
2024-10-14 12:37:04+00:00,40.335
2024-10-14 13:03:54+00:00,40.425
2024-10-14 13:37:08+00:00,40.355
2024-10-14 13:49:02+00:00,40.4
2024-10-14 14:16:59+00:00,40.445
2024-10-14 14:36:55+00:00,40.35
2024-10-14 14:48:06+00:00,40.625
2024-10-14 15:19:06+00:00,40.555
2024-10-14 15:34:58+00:00,40.42
2024-10-14 15:46:03+00:00,40.52
2024-10-14 15:59:53+00:00,40.595
2024-10-15 06:26:04+00:00,39.2
2024-10-15 06:50:04+00:00,39.695
2024-10-15 07:18:03+00:00,40.035
2024-10-15 07:33:04+00:00,39.835
2024-10-15 07:45:07+00:00,39.525
2024-10-15 08:24:09+00:00,39.43
2024-10-15 08:50:03+00:00,39.51
2024-10-15 09:18:48+00:00,39.27
2024-10-15 09:35:07+00:00,39.05
2024-10-15 09:46:04+00:00,39.22
2024-10-15 10:20:06+00:00,39.235
2024-10-15 10:46:50+00:00,39.31
2024-10-15 11:15:08+00:00,39.26
2024-10-15 11:26:55+00:00,39.135
2024-10-15 11:46:01+00:00,39.43
2024-10-15 12:36:06+00:00,39.805
2024-10-15 13:05:06+00:00,39.82
2024-10-15 13:36:02+00:00,39.81
2024-10-15 13:47:07+00:00,39.65
2024-10-15 14:17:04+00:00,39.94
2024-10-15 14:36:05+00:00,39.995
2024-10-15 14:47:06+00:00,39.955
2024-10-15 15:19:07+00:00,39.995
2024-10-15 15:35:08+00:00,39.92
2024-10-15 15:46:02+00:00,40.04
2024-10-15 15:59:57+00:00,40.135
2024-10-16 06:25:36+00:00,40.355
2024-10-16 06:49:06+00:00,40.305
2024-10-16 07:17:05+00:00,40.275
2024-10-16 07:31:08+00:00,40.43
2024-10-16 07:46:04+00:00,40.27
2024-10-16 08:24:06+00:00,40.04
2024-10-16 08:50:06+00:00,39.825
2024-10-16 09:20:05+00:00,39.85
2024-10-16 09:36:06+00:00,39.78
2024-10-16 09:46:54+00:00,39.81
2024-10-16 10:19:00+00:00,39.74
2024-10-16 10:37:56+00:00,39.735
2024-10-16 10:49:04+00:00,39.845
2024-10-16 11:15:05+00:00,39.7
2024-10-16 11:27:53+00:00,39.63
2024-10-16 11:46:04+00:00,39.67
2024-10-16 12:36:03+00:00,39.61
2024-10-16 13:04:06+00:00,39.755
2024-10-16 13:36:04+00:00,39.44
2024-10-16 13:47:00+00:00,39.295
2024-10-16 14:17:04+00:00,39.45
2024-10-16 14:36:01+00:00,39.35
2024-10-16 14:47:02+00:00,39.44
2024-10-16 15:19:58+00:00,39.19
2024-10-16 15:36:03+00:00,39.365
2024-10-16 15:46:59+00:00,39.435
2024-10-16 15:59:59+00:00,39.5
2024-10-17 06:25:49+00:00,39.575
2024-10-17 06:49:07+00:00,39.65
2024-10-17 07:18:06+00:00,39.775
2024-10-17 07:32:00+00:00,39.795
2024-10-17 07:46:06+00:00,39.61
2024-10-17 08:23:59+00:00,39.455
2024-10-17 08:48:51+00:00,39.69
2024-10-17 09:18:03+00:00,39.86
2024-10-17 09:33:36+00:00,39.73
2024-10-17 09:46:06+00:00,39.895
2024-10-17 10:19:08+00:00,39.875
2024-10-17 10:38:02+00:00,39.71
2024-10-17 10:49:05+00:00,39.685
2024-10-17 11:15:04+00:00,39.735
2024-10-17 11:28:02+00:00,39.875
2024-10-17 11:46:01+00:00,39.79
2024-10-17 12:36:04+00:00,39.845
2024-10-17 13:03:57+00:00,39.57
2024-10-17 13:36:03+00:00,39.615
2024-10-17 13:48:06+00:00,39.61
2024-10-17 14:17:02+00:00,39.65
2024-10-17 14:34:39+00:00,39.575
2024-10-17 14:45:57+00:00,39.635
2024-10-17 15:18:07+00:00,39.7
2024-10-17 15:37:04+00:00,39.695
2024-10-17 15:48:01+00:00,39.625
2024-10-17 15:59:59+00:00,39.605
2024-10-18 06:26:06+00:00,39.57
2024-10-18 06:49:57+00:00,39.58
2024-10-18 07:17:05+00:00,39.42
2024-10-18 07:31:08+00:00,39.35
2024-10-18 07:46:03+00:00,39.38
2024-10-18 08:23:07+00:00,39.58
2024-10-18 08:49:04+00:00,39.395
2024-10-18 09:20:02+00:00,39.33
2024-10-18 09:34:57+00:00,39.31
2024-10-18 09:46:07+00:00,39.295
2024-10-18 10:19:33+00:00,39.275
2024-10-18 10:39:03+00:00,39.335
2024-10-18 10:51:00+00:00,39.17
2024-10-18 11:14:49+00:00,39.195
2024-10-18 11:27:06+00:00,39.28
2024-10-18 11:45:41+00:00,39.285
2024-10-18 12:36:08+00:00,39.345
2024-10-18 13:03:05+00:00,39.55
2024-10-18 13:34:50+00:00,39.455
2024-10-18 13:45:58+00:00,39.465
2024-10-18 14:17:05+00:00,39.34
2024-10-18 14:34:52+00:00,39.295
2024-10-18 14:46:04+00:00,39.24
2024-10-18 15:19:04+00:00,39.195
2024-10-18 15:34:03+00:00,39.2
2024-10-18 15:45:56+00:00,39.275
2024-10-18 15:59:50+00:00,39.36
2024-10-21 06:26:08+00:00,39.615
2024-10-21 06:50:08+00:00,39.69
2024-10-21 07:18:05+00:00,39.79
2024-10-21 07:32:56+00:00,39.72
2024-10-21 07:45:59+00:00,39.86
2024-10-21 08:23:52+00:00,39.915
2024-10-21 08:49:03+00:00,40.05
2024-10-21 09:20:02+00:00,40.065
2024-10-21 09:46:08+00:00,40.095
2024-10-21 10:22:06+00:00,40.2
2024-10-21 10:48:02+00:00,40.075
2024-10-21 11:16:57+00:00,40.065
2024-10-21 11:29:02+00:00,40.06
2024-10-21 11:46:08+00:00,40.175
2024-10-21 12:37:03+00:00,39.95
2024-10-21 13:04:07+00:00,39.835
2024-10-21 13:38:08+00:00,39.795
2024-10-21 13:48:55+00:00,39.835
2024-10-21 14:17:08+00:00,39.74
2024-10-21 14:35:43+00:00,39.715
2024-10-21 14:47:52+00:00,39.89
2024-10-21 15:20:01+00:00,39.9
2024-10-21 15:45:02+00:00,39.975
2024-10-21 15:59:58+00:00,40.025
2024-10-22 06:26:03+00:00,40.415
2024-10-22 06:48:57+00:00,40.235
2024-10-22 07:17:58+00:00,40.195
2024-10-22 07:36:05+00:00,40.205
2024-10-22 07:47:03+00:00,40.15
2024-10-22 08:24:08+00:00,40.27
2024-10-22 08:48:59+00:00,40.36
2024-10-22 09:19:08+00:00,40.485
2024-10-22 09:33:58+00:00,40.525
2024-10-22 09:46:01+00:00,40.47
2024-10-22 10:19:04+00:00,40.705
2024-10-22 10:37:47+00:00,40.82
2024-10-22 10:49:07+00:00,40.905
2024-10-22 11:14:55+00:00,40.76
2024-10-22 11:26:51+00:00,40.74
2024-10-22 11:45:59+00:00,40.785
2024-10-22 12:36:08+00:00,40.715
2024-10-22 13:04:02+00:00,40.73
2024-10-22 13:35:44+00:00,40.735
2024-10-22 13:48:07+00:00,40.64
2024-10-22 14:17:08+00:00,40.69
2024-10-22 14:35:59+00:00,40.875
2024-10-22 14:47:06+00:00,40.91
2024-10-22 15:19:06+00:00,41.03
2024-10-22 15:35:00+00:00,41.1
2024-10-22 15:45:57+00:00,41.205
2024-10-22 15:59:59+00:00,41.365
2024-10-23 06:26:07+00:00,41.105
2024-10-23 06:49:00+00:00,41.215
2024-10-23 07:17:58+00:00,41.07
2024-10-23 07:34:01+00:00,41.005
2024-10-23 07:46:03+00:00,41.035
2024-10-23 08:23:56+00:00,41.54
2024-10-23 08:50:05+00:00,41.62
2024-10-23 09:19:00+00:00,41.655
2024-10-23 09:34:01+00:00,41.77
2024-10-23 09:45:54+00:00,41.765
2024-10-23 10:17:27+00:00,41.525
2024-10-23 10:37:01+00:00,41.39
2024-10-23 10:48:53+00:00,41.445
2024-10-23 11:15:03+00:00,41.465
2024-10-23 11:26:49+00:00,41.335
2024-10-23 11:46:06+00:00,41.485
2024-10-23 12:36:07+00:00,41.555
2024-10-23 13:04:05+00:00,41.815
2024-10-23 13:35:58+00:00,41.935
2024-10-23 13:46:52+00:00,41.885
2024-10-23 14:16:01+00:00,42.095
2024-10-23 14:35:08+00:00,41.755
2024-10-23 14:46:06+00:00,41.7
2024-10-23 15:19:05+00:00,41.595
2024-10-23 15:35:58+00:00,41.685
2024-10-23 15:46:48+00:00,41.625
2024-10-23 15:59:56+00:00,41.7
2024-10-24 06:26:07+00:00,42.14
2024-10-24 06:49:27+00:00,42.23
2024-10-24 07:16:49+00:00,42.305
2024-10-24 07:30:58+00:00,42.3
2024-10-24 07:46:07+00:00,42.16
2024-10-24 08:24:05+00:00,42.415
2024-10-24 08:48:55+00:00,42.22
2024-10-24 09:19:07+00:00,42.69
2024-10-24 09:34:06+00:00,42.635
2024-10-24 09:46:05+00:00,42.695
2024-10-24 10:19:07+00:00,42.585
2024-10-24 10:38:07+00:00,42.45
2024-10-24 10:49:06+00:00,42.54
2024-10-24 11:14:48+00:00,42.64
2024-10-24 11:27:08+00:00,42.62
2024-10-24 11:46:06+00:00,42.44
2024-10-24 12:36:07+00:00,42.59
2024-10-24 13:03:46+00:00,42.68
2024-10-24 13:36:08+00:00,42.82
2024-10-24 13:46:59+00:00,42.64
2024-10-24 14:18:08+00:00,42.54
2024-10-24 14:36:44+00:00,42.565
2024-10-24 14:48:06+00:00,42.335
2024-10-24 15:19:07+00:00,42.395
2024-10-24 15:35:01+00:00,42.415
2024-10-24 15:46:00+00:00,42.5
2024-10-24 15:59:57+00:00,42.565
2024-10-25 08:23:04+00:00,42.765
2024-10-25 08:49:07+00:00,43.065
2024-10-25 09:18:51+00:00,43.085
2024-10-25 09:34:06+00:00,43.145
2024-10-25 09:46:01+00:00,43.09
2024-10-25 10:19:03+00:00,43.145
2024-10-25 10:37:47+00:00,43.18
2024-10-25 10:49:45+00:00,43.155
2024-10-25 11:15:02+00:00,42.95
2024-10-25 11:27:07+00:00,42.98
2024-10-25 11:46:08+00:00,42.975
2024-10-25 12:36:09+00:00,43.325
2024-10-25 13:03:03+00:00,43.275
2024-10-25 13:35:04+00:00,43.385
2024-10-25 13:46:07+00:00,43.455
2024-10-25 14:17:06+00:00,43.39
2024-10-25 14:36:06+00:00,43.665
2024-10-25 14:47:01+00:00,43.76
2024-10-25 15:18:45+00:00,43.645
2024-10-25 15:34:06+00:00,43.745
2024-10-25 15:46:06+00:00,43.81
2024-10-25 16:10:50+00:00,43.76
2024-10-28 08:50:05+00:00,42.74
2024-10-28 09:20:16+00:00,42.35
2024-10-28 09:46:17+00:00,42.31
2024-10-28 10:20:15+00:00,42.09
2024-10-28 10:47:06+00:00,42.325
2024-10-28 11:15:16+00:00,42.3
2024-10-28 11:28:17+00:00,42.33
2024-10-28 11:45:10+00:00,42.38
2024-10-28 12:37:11+00:00,42.165
2024-10-28 13:05:13+00:00,42.3
2024-10-28 13:38:15+00:00,42.485
2024-10-28 13:49:15+00:00,42.455
2024-10-28 14:18:15+00:00,42.575
2024-10-28 14:37:11+00:00,42.325
2024-10-28 14:48:13+00:00,42.3
2024-10-28 15:20:18+00:00,42.365
2024-10-28 15:46:17+00:00,42.795
2024-10-28 16:23:12+00:00,42.785
2024-10-28 16:53:05+00:00,42.89
2024-10-28 16:59:59+00:00,42.975
2024-10-29 07:18:17+00:00,43.2
2024-10-29 07:33:12+00:00,43.19
2024-10-29 07:45:06+00:00,43.27
2024-10-29 08:23:04+00:00,43.27
2024-10-29 08:49:14+00:00,43.1
2024-10-29 09:19:00+00:00,42.915
2024-10-29 09:35:00+00:00,43.01
2024-10-29 09:46:15+00:00,42.965
2024-10-29 10:19:09+00:00,43.405
2024-10-29 10:40:10+00:00,43.53
2024-10-29 10:51:15+00:00,43.47
2024-10-29 11:15:17+00:00,43.545
2024-10-29 11:27:12+00:00,43.87
2024-10-29 11:46:17+00:00,43.58
2024-10-29 12:37:15+00:00,43.605
2024-10-29 13:05:15+00:00,43.67
2024-10-29 13:37:16+00:00,43.715
2024-10-29 13:48:16+00:00,43.805
2024-10-29 14:17:13+00:00,43.55
2024-10-29 14:37:13+00:00,43.54
2024-10-29 14:48:13+00:00,43.5
2024-10-29 15:20:05+00:00,43.185
2024-10-29 15:36:12+00:00,43.1
2024-10-29 15:47:45+00:00,43.155
2024-10-29 16:23:16+00:00,43.03
2024-10-29 16:50:12+00:00,42.67
2024-10-29 16:59:59+00:00,42.685
2024-10-30 07:17:10+00:00,42.295
2024-10-30 07:30:02+00:00,42.27
2024-10-30 07:45:17+00:00,42.255
2024-10-30 08:26:13+00:00,42.74
2024-10-30 08:51:13+00:00,42.365
2024-10-30 09:19:15+00:00,42.135
2024-10-30 09:35:12+00:00,41.865
2024-10-30 09:46:17+00:00,42.065
2024-10-30 10:20:11+00:00,42.1
2024-10-30 10:47:11+00:00,42.215
2024-10-30 11:15:11+00:00,42.21
2024-10-30 11:27:17+00:00,42.205
2024-10-30 11:45:23+00:00,42.23
2024-10-30 12:37:10+00:00,42.01
2024-10-30 13:04:10+00:00,42.155
2024-10-30 13:36:09+00:00,42.225
2024-10-30 13:47:14+00:00,42.055
2024-10-30 14:17:09+00:00,41.995
2024-10-30 14:37:11+00:00,41.95
2024-10-30 14:48:16+00:00,42.05
2024-10-30 15:19:08+00:00,41.755
2024-10-30 15:35:50+00:00,41.76
2024-10-30 15:46:05+00:00,41.63
2024-10-30 16:22:17+00:00,41.595
2024-10-30 16:51:15+00:00,41.605
2024-10-30 17:00:00+00:00,41.55
2024-10-31 07:16:13+00:00,41.15
2024-10-31 07:31:13+00:00,41.5
2024-10-31 07:46:12+00:00,41.385
2024-10-31 08:21:13+00:00,41.47
2024-10-31 08:47:16+00:00,40.945
2024-10-31 09:19:09+00:00,40.86
2024-10-31 09:33:10+00:00,40.895
2024-10-31 09:46:10+00:00,40.965
2024-10-31 10:19:17+00:00,40.595
2024-10-31 10:38:14+00:00,40.21
2024-10-31 10:49:07+00:00,40.15
2024-10-31 11:15:14+00:00,40.31
2024-10-31 11:28:15+00:00,40.295
2024-10-31 11:46:17+00:00,40.34
2024-10-31 12:36:17+00:00,40.25
2024-10-31 13:03:15+00:00,40.45
2024-10-31 13:35:13+00:00,40.225
2024-10-31 13:46:17+00:00,40.185
2024-10-31 14:16:08+00:00,40.125
2024-10-31 14:36:15+00:00,40.05
2024-10-31 14:48:14+00:00,40.06
2024-10-31 15:19:08+00:00,40.24
2024-10-31 15:36:16+00:00,40.275
2024-10-31 15:47:16+00:00,40.41
2024-10-31 16:23:10+00:00,40.59
2024-10-31 16:50:16+00:00,39.16
2024-10-31 16:59:59+00:00,38.615
2024-11-01 07:18:15+00:00,38.865
2024-11-01 07:31:13+00:00,38.69
2024-11-01 07:46:13+00:00,38.89
2024-11-01 08:23:05+00:00,39.39
2024-11-01 08:47:13+00:00,39.775
2024-11-01 09:19:10+00:00,39.595
2024-11-01 09:33:17+00:00,39.74
2024-11-01 09:45:15+00:00,39.875
2024-11-01 10:20:17+00:00,39.41
2024-11-01 10:46:14+00:00,39.42
2024-11-01 11:15:14+00:00,39.5
2024-11-01 11:27:18+00:00,39.43
2024-11-01 11:45:16+00:00,39.235
2024-11-01 12:34:16+00:00,38.845
2024-11-01 13:02:15+00:00,38.725
2024-11-01 13:35:15+00:00,38.705
2024-11-01 13:46:15+00:00,38.585
2024-11-01 14:17:07+00:00,39.04
2024-11-01 14:35:15+00:00,38.9
2024-11-01 14:46:14+00:00,39.06
2024-11-01 15:19:14+00:00,39.435
2024-11-01 15:35:56+00:00,39.085
2024-11-01 15:46:14+00:00,38.99
2024-11-01 16:22:15+00:00,38.965
2024-11-01 16:48:15+00:00,38.87
2024-11-01 17:00:00+00:00,38.955
2024-11-04 07:18:16+00:00,39.515
2024-11-04 07:31:13+00:00,39.555
2024-11-04 07:46:16+00:00,39.7
2024-11-04 08:24:02+00:00,39.645
2024-11-04 08:49:14+00:00,39.665
2024-11-04 09:20:58+00:00,39.86
2024-11-04 09:46:14+00:00,39.87
2024-11-04 10:20:13+00:00,40.07
2024-11-04 10:47:09+00:00,40.005
2024-11-04 11:17:18+00:00,39.83
2024-11-04 11:29:14+00:00,39.865
2024-11-04 11:46:06+00:00,39.805
2024-11-04 12:36:48+00:00,39.92
2024-11-04 13:05:17+00:00,39.585
2024-11-04 13:38:18+00:00,39.64
2024-11-04 13:49:16+00:00,39.81
2024-11-04 14:17:59+00:00,39.92
2024-11-04 14:37:11+00:00,40.145
2024-11-04 14:47:53+00:00,40.025
2024-11-04 15:20:07+00:00,39.93
2024-11-04 15:46:15+00:00,40.18
2024-11-04 16:23:11+00:00,40.185
2024-11-04 16:48:15+00:00,40.415
2024-11-04 16:59:56+00:00,40.48
2024-11-05 07:16:14+00:00,40.475
2024-11-05 07:29:41+00:00,40.4
2024-11-05 07:46:18+00:00,40.48
2024-11-05 08:23:16+00:00,40.64
2024-11-05 08:48:13+00:00,40.555
2024-11-05 09:18:59+00:00,40.73
2024-11-05 09:33:13+00:00,40.81
2024-11-05 09:46:12+00:00,40.73
2024-11-05 10:20:15+00:00,40.92
2024-11-05 10:46:18+00:00,41.135
2024-11-05 11:14:49+00:00,41.07
2024-11-05 11:27:14+00:00,41.045
2024-11-05 11:46:05+00:00,40.96
2024-11-05 12:34:17+00:00,40.94
2024-11-05 13:01:14+00:00,40.945
2024-11-05 13:33:15+00:00,41.03
2024-11-05 13:46:16+00:00,40.825
2024-11-05 14:17:16+00:00,40.72
2024-11-05 14:35:17+00:00,40.87
2024-11-05 14:45:15+00:00,40.755
2024-11-05 15:19:16+00:00,40.405
2024-11-05 15:34:10+00:00,40.37
2024-11-05 15:46:02+00:00,40.52
2024-11-05 16:23:02+00:00,40.555
2024-11-05 16:47:11+00:00,40.35
2024-11-05 16:59:59+00:00,40.375
2024-11-06 07:17:14+00:00,40.115
2024-11-06 07:30:13+00:00,40.125
2024-11-06 07:45:10+00:00,40.34
2024-11-06 08:23:09+00:00,39.72
2024-11-06 08:49:12+00:00,39.94
2024-11-06 09:21:14+00:00,39.43
2024-11-06 09:46:14+00:00,39.58
2024-11-06 10:19:12+00:00,39.54
2024-11-06 10:37:05+00:00,39.49
2024-11-06 10:49:11+00:00,39.355
2024-11-06 11:15:15+00:00,39.15
2024-11-06 11:27:08+00:00,39.17
2024-11-06 11:46:14+00:00,39.105
2024-11-06 12:35:43+00:00,39.15
2024-11-06 13:02:14+00:00,39.295
2024-11-06 13:34:16+00:00,39.42
2024-11-06 13:46:10+00:00,39.435
2024-11-06 14:16:14+00:00,39.55
2024-11-06 14:33:54+00:00,39.64
2024-11-06 14:46:09+00:00,39.765
2024-11-06 15:19:16+00:00,39.795
2024-11-06 15:34:08+00:00,39.915
2024-11-06 15:45:13+00:00,40.28
2024-11-06 16:23:16+00:00,40.295
2024-11-06 16:48:14+00:00,40.6
2024-11-06 16:59:55+00:00,40.7
2024-11-07 07:00:08+00:00,40.505
2024-11-07 07:29:12+00:00,40.76
2024-11-07 07:46:09+00:00,40.805
2024-11-07 08:22:16+00:00,40.86
2024-11-07 08:48:11+00:00,40.7
2024-11-07 09:18:08+00:00,41.055
2024-11-07 09:32:17+00:00,41.05
2024-11-07 09:46:09+00:00,40.92
2024-11-07 10:17:49+00:00,41.135
2024-11-07 10:37:14+00:00,40.915
2024-11-07 10:47:05+00:00,41.075
2024-11-07 11:16:12+00:00,41.025
2024-11-07 11:27:14+00:00,40.74
2024-11-07 11:46:10+00:00,40.565
2024-11-07 12:35:15+00:00,40.455
2024-11-07 13:01:18+00:00,40.905
2024-11-07 13:32:18+00:00,41.065
2024-11-07 13:46:18+00:00,40.92
2024-11-07 14:16:10+00:00,40.73
2024-11-07 14:32:14+00:00,40.925
2024-11-07 14:46:06+00:00,40.71
2024-11-07 15:18:02+00:00,40.715
2024-11-07 15:33:16+00:00,40.915
2024-11-07 15:46:13+00:00,40.95
2024-11-07 16:22:12+00:00,41.215
2024-11-07 16:49:15+00:00,41.42
2024-11-07 16:59:55+00:00,41.6
2024-11-08 07:16:17+00:00,42.1
2024-11-08 07:29:13+00:00,42.245
2024-11-08 07:46:10+00:00,42.355
2024-11-08 08:22:05+00:00,42.3
2024-11-08 08:46:06+00:00,42.36
2024-11-08 09:18:15+00:00,42.305
2024-11-08 09:32:16+00:00,42.58
2024-11-08 09:46:06+00:00,42.5
2024-11-08 10:18:14+00:00,42.45
2024-11-08 10:37:16+00:00,42.365
2024-11-08 10:48:35+00:00,42.225
2024-11-08 11:14:12+00:00,42.555
2024-11-08 11:25:37+00:00,42.685
2024-11-08 11:45:56+00:00,42.7
2024-11-08 12:35:08+00:00,42.73
2024-11-08 13:00:14+00:00,43.005
2024-11-08 13:31:11+00:00,42.53
2024-11-08 13:46:17+00:00,42.53
2024-11-08 14:16:27+00:00,42.67
2024-11-08 14:33:27+00:00,42.365
2024-11-08 14:46:26+00:00,42.52
2024-11-08 15:18:21+00:00,42.46
2024-11-08 15:34:04+00:00,42.48
2024-11-08 15:46:20+00:00,42.455
2024-11-08 16:22:23+00:00,42.23
2024-11-08 16:48:18+00:00,42.035
2024-11-08 16:59:55+00:00,42.0
2024-11-11 07:18:25+00:00,41.775
2024-11-11 07:32:22+00:00,41.955
2024-11-11 07:46:19+00:00,42.0
2024-11-11 08:23:20+00:00,43.095
2024-11-11 08:47:39+00:00,43.23
2024-11-11 09:19:26+00:00,43.37
2024-11-11 09:33:59+00:00,43.16
2024-11-11 09:46:00+00:00,43.02
2024-11-11 10:19:24+00:00,43.52
2024-11-11 10:38:18+00:00,43.525
2024-11-11 10:49:27+00:00,43.48
2024-11-11 11:14:07+00:00,43.575
2024-11-11 11:27:13+00:00,43.425
2024-11-11 11:45:13+00:00,43.58
2024-11-11 12:36:23+00:00,43.4
2024-11-11 13:02:22+00:00,43.875
2024-11-11 13:33:23+00:00,43.95
2024-11-11 13:46:24+00:00,43.81
2024-11-11 14:17:23+00:00,44.045
2024-11-11 14:35:21+00:00,43.545
2024-11-11 14:46:21+00:00,43.775
2024-11-11 15:17:26+00:00,43.405
2024-11-11 15:32:17+00:00,43.62
2024-11-11 15:46:16+00:00,43.925
2024-11-11 16:22:25+00:00,43.98
2024-11-11 16:48:24+00:00,43.905
2024-11-11 16:59:57+00:00,43.93
2024-11-12 07:15:22+00:00,43.78
2024-11-12 07:30:17+00:00,43.75
2024-11-12 07:46:24+00:00,43.31
2024-11-12 08:22:20+00:00,43.3
2024-11-12 08:48:24+00:00,43.5
2024-11-12 09:18:08+00:00,43.405
2024-11-12 09:32:17+00:00,43.515
2024-11-12 09:46:21+00:00,43.62
2024-11-12 10:18:25+00:00,43.915
2024-11-12 10:38:27+00:00,43.755
2024-11-12 10:49:25+00:00,43.655
2024-11-12 11:13:47+00:00,43.7
2024-11-12 11:26:16+00:00,43.795
2024-11-12 11:46:24+00:00,44.025
2024-11-12 12:35:11+00:00,44.12
2024-11-12 13:03:18+00:00,43.945
2024-11-12 13:34:15+00:00,43.755
2024-11-12 13:46:19+00:00,43.77
2024-11-12 14:16:22+00:00,43.53
2024-11-12 14:35:26+00:00,43.89
2024-11-12 14:47:23+00:00,43.95
2024-11-12 15:18:24+00:00,44.275
2024-11-12 15:32:26+00:00,44.435
2024-11-12 15:46:26+00:00,44.2
2024-11-12 16:23:26+00:00,44.105
2024-11-12 16:50:25+00:00,43.715
2024-11-12 17:00:00+00:00,43.51
2024-11-13 07:16:04+00:00,43.36
2024-11-13 07:30:10+00:00,43.555
2024-11-13 07:46:26+00:00,43.365
2024-11-13 08:23:26+00:00,43.28
2024-11-13 08:49:27+00:00,42.97
2024-11-13 09:17:57+00:00,43.27
2024-11-13 09:33:21+00:00,43.325
2024-11-13 09:46:21+00:00,43.355
2024-11-13 10:18:24+00:00,43.61
2024-11-13 10:37:27+00:00,43.625
2024-11-13 10:49:25+00:00,43.575
2024-11-13 11:15:21+00:00,43.795
2024-11-13 11:27:14+00:00,43.645
2024-11-13 11:46:19+00:00,43.53
2024-11-13 12:35:20+00:00,43.41
2024-11-13 13:03:25+00:00,43.4
2024-11-13 13:34:17+00:00,43.53
2024-11-13 13:46:22+00:00,43.545
2024-11-13 14:16:23+00:00,43.855
2024-11-13 14:35:26+00:00,43.815
2024-11-13 14:46:12+00:00,43.895
2024-11-13 15:19:27+00:00,43.6
2024-11-13 15:34:21+00:00,43.78
2024-11-13 15:46:23+00:00,43.735
2024-11-13 16:21:22+00:00,43.805
2024-11-13 16:49:15+00:00,43.81
2024-11-13 16:59:53+00:00,43.9
2024-11-14 07:16:26+00:00,45.655
2024-11-14 07:30:26+00:00,45.4
2024-11-14 07:45:09+00:00,45.35
2024-11-14 08:24:14+00:00,45.625
2024-11-14 08:48:23+00:00,45.58
2024-11-14 09:19:26+00:00,45.22
2024-11-14 09:34:19+00:00,45.295
2024-11-14 09:45:22+00:00,45.13
2024-11-14 10:19:13+00:00,45.36
2024-11-14 10:39:26+00:00,45.105
2024-11-14 10:49:51+00:00,45.03
2024-11-14 11:14:23+00:00,45.12
2024-11-14 11:27:19+00:00,45.13
2024-11-14 11:45:25+00:00,45.235
2024-11-14 12:37:21+00:00,45.16
2024-11-14 13:04:25+00:00,45.3
2024-11-14 13:35:24+00:00,45.26
2024-11-14 13:47:22+00:00,45.435
2024-11-14 14:17:24+00:00,45.4
2024-11-14 14:35:26+00:00,45.58
2024-11-14 14:46:17+00:00,45.32
2024-11-14 15:19:26+00:00,45.54
2024-11-14 15:36:23+00:00,45.75
2024-11-14 15:47:24+00:00,45.89
2024-11-14 16:23:24+00:00,46.185
2024-11-14 16:50:21+00:00,46.435
2024-11-14 16:59:59+00:00,46.33
2024-11-15 07:18:24+00:00,46.225
2024-11-15 07:32:26+00:00,46.3
2024-11-15 07:46:19+00:00,46.255
2024-11-15 08:24:07+00:00,45.755
2024-11-15 08:49:05+00:00,45.68
2024-11-15 09:18:36+00:00,45.82
2024-11-15 09:35:11+00:00,45.69
2024-11-15 09:46:14+00:00,45.68
2024-11-15 10:19:13+00:00,45.575
2024-11-15 10:47:12+00:00,45.72
2024-11-15 11:15:03+00:00,45.84
2024-11-15 11:28:07+00:00,45.895
2024-11-15 11:46:13+00:00,45.975
2024-11-15 12:37:06+00:00,45.84
2024-11-15 13:05:05+00:00,45.62
2024-11-15 13:35:57+00:00,45.575
2024-11-15 13:46:35+00:00,45.585
2024-11-15 14:17:06+00:00,45.805
2024-11-15 14:37:10+00:00,46.005
2024-11-15 14:48:11+00:00,46.995
2024-11-15 15:19:12+00:00,46.53
2024-11-15 15:36:10+00:00,46.24
2024-11-15 15:47:07+00:00,46.25
2024-11-15 16:24:11+00:00,46.245
2024-11-15 16:51:15+00:00,45.805
2024-11-15 16:59:59+00:00,45.75
2024-11-18 07:18:15+00:00,45.465
2024-11-18 07:34:04+00:00,45.535
2024-11-18 07:46:05+00:00,45.58
2024-11-18 08:26:15+00:00,45.865
2024-11-18 08:50:13+00:00,46.565
2024-11-18 09:21:11+00:00,46.22
2024-11-18 09:46:10+00:00,45.76
2024-11-18 10:21:14+00:00,46.025
2024-11-18 10:45:00+00:00,46.135
2024-11-18 11:16:13+00:00,45.93
2024-11-18 11:25:19+00:00,45.985
2024-11-18 12:39:05+00:00,45.88
2024-11-18 13:14:15+00:00,46.0
2024-11-18 13:38:30+00:00,46.195
2024-11-18 13:50:14+00:00,46.28
2024-11-18 14:18:09+00:00,46.605
2024-11-18 14:38:03+00:00,46.485
2024-11-18 14:49:07+00:00,46.395
2024-11-18 15:20:11+00:00,46.625
2024-11-18 15:46:09+00:00,46.76
2024-11-18 16:24:14+00:00,46.95
2024-11-18 16:52:11+00:00,47.06
2024-11-18 16:59:59+00:00,47.15
2024-11-19 07:18:30+00:00,46.75
2024-11-19 07:32:36+00:00,46.995
2024-11-19 07:45:30+00:00,46.805
2024-11-19 08:24:34+00:00,46.84
2024-11-19 08:51:32+00:00,46.76
2024-11-19 09:19:37+00:00,46.905
2024-11-19 09:45:30+00:00,47.2
2024-11-19 10:20:05+00:00,47.135
2024-11-19 10:48:34+00:00,47.06
2024-11-19 11:15:34+00:00,46.945
2024-11-19 11:28:33+00:00,46.905
2024-11-19 11:46:32+00:00,46.83
2024-11-19 12:37:37+00:00,46.425
2024-11-19 13:12:34+00:00,46.32
2024-11-19 13:38:37+00:00,46.36
2024-11-19 13:49:33+00:00,46.34
2024-11-19 14:20:31+00:00,46.35
2024-11-19 14:38:27+00:00,46.19
2024-11-19 14:49:38+00:00,46.09
2024-11-19 15:20:33+00:00,45.92
2024-11-19 15:46:34+00:00,45.8
2024-11-19 16:23:57+00:00,45.825
2024-11-19 16:50:56+00:00,45.905
2024-11-19 16:59:57+00:00,46.02
2024-11-20 07:17:58+00:00,45.765
2024-11-20 07:32:58+00:00,45.82
2024-11-20 07:45:41+00:00,45.725
2024-11-20 08:25:57+00:00,46.005
2024-11-20 08:51:54+00:00,46.06
2024-11-20 09:19:58+00:00,46.54
2024-11-20 09:45:53+00:00,46.49
2024-11-20 10:19:47+00:00,46.44
2024-11-20 10:47:04+00:00,46.4
2024-11-20 11:14:33+00:00,46.425
2024-11-20 11:27:54+00:00,46.61
2024-11-20 11:45:55+00:00,46.48
2024-11-20 12:37:55+00:00,46.735
2024-11-20 13:07:57+00:00,46.5
2024-11-20 13:38:55+00:00,46.765
2024-11-20 13:49:53+00:00,46.73
2024-11-20 14:16:56+00:00,47.11
2024-11-20 14:37:22+00:00,47.175
2024-11-20 14:48:54+00:00,47.27
2024-11-20 15:19:53+00:00,47.215
2024-11-20 15:36:56+00:00,47.055
2024-11-20 15:47:56+00:00,47.15
2024-11-20 16:23:57+00:00,47.175
2024-11-20 16:51:33+00:00,47.055
2024-11-20 16:59:57+00:00,46.92
2024-11-21 07:17:47+00:00,47.795
2024-11-21 07:32:37+00:00,47.7
2024-11-21 07:45:44+00:00,47.82
2024-11-21 08:24:43+00:00,48.17
2024-11-21 08:50:39+00:00,48.1
2024-11-21 09:20:44+00:00,48.225
2024-11-21 09:45:40+00:00,48.125
2024-11-21 10:20:44+00:00,48.025
2024-11-21 10:47:44+00:00,48.25
2024-11-21 11:15:18+00:00,48.34
2024-11-21 11:28:32+00:00,48.41
2024-11-21 11:45:47+00:00,48.475
2024-11-21 12:37:47+00:00,48.585
2024-11-21 13:12:37+00:00,48.53
2024-11-21 13:38:48+00:00,48.685
2024-11-21 13:49:25+00:00,48.79
2024-11-21 14:17:45+00:00,48.995
2024-11-21 14:37:42+00:00,48.845
2024-11-21 14:48:48+00:00,48.745
2024-11-21 15:19:47+00:00,48.855
2024-11-21 15:46:48+00:00,48.58
2024-11-21 16:24:47+00:00,48.95
2024-11-21 16:51:47+00:00,48.815
2024-11-21 16:59:59+00:00,49.055
2024-11-22 07:17:37+00:00,49.535
2024-11-22 07:32:45+00:00,49.445
2024-11-22 07:45:35+00:00,49.26
2024-11-22 08:24:44+00:00,48.635
2024-11-22 08:50:42+00:00,48.945
2024-11-22 09:19:46+00:00,48.78
2024-11-22 09:45:46+00:00,48.915
2024-11-22 10:19:44+00:00,49.525
2024-11-22 10:47:40+00:00,49.135
2024-11-22 11:15:42+00:00,48.895
2024-11-22 11:28:45+00:00,48.755
2024-11-22 11:45:30+00:00,48.595
2024-11-22 12:36:29+00:00,48.735
2024-11-22 13:03:49+00:00,48.265
2024-11-25 07:20:48+00:00,48.38
2024-11-25 07:45:47+00:00,47.44
2024-11-25 08:25:41+00:00,47.82
2024-11-25 08:51:39+00:00,48.015
2024-11-25 09:20:45+00:00,48.415
2024-11-25 09:45:41+00:00,48.475
2024-11-25 10:20:44+00:00,48.565
2024-11-25 10:48:45+00:00,48.66
2024-11-25 11:15:30+00:00,48.6
2024-11-25 11:28:41+00:00,48.395
2024-11-25 11:45:45+00:00,48.31
2024-11-25 12:38:38+00:00,48.96
2024-11-25 13:13:43+00:00,49.185
2024-11-25 13:39:32+00:00,49.235
2024-11-25 13:49:48+00:00,49.365
2024-11-25 14:17:46+00:00,49.025
2024-11-25 14:37:40+00:00,48.485
2024-11-25 14:49:45+00:00,48.65
2024-11-25 15:20:40+00:00,48.44
2024-11-25 15:46:43+00:00,48.435
2024-11-25 16:24:45+00:00,48.465
2024-11-25 16:51:39+00:00,48.4
2024-11-25 17:00:00+00:00,48.41
2024-11-26 07:19:34+00:00,47.985
2024-11-26 07:45:43+00:00,47.745
2024-11-26 08:25:41+00:00,47.875
2024-11-26 08:51:41+00:00,47.935
2024-11-26 09:20:43+00:00,48.585
2024-11-26 09:45:47+00:00,48.765
2024-11-26 10:20:44+00:00,48.795
2024-11-26 10:48:47+00:00,48.975
2024-11-26 11:15:45+00:00,48.55
2024-11-26 11:28:33+00:00,48.425
2024-11-26 11:45:44+00:00,48.6
2024-11-26 12:38:41+00:00,48.5
2024-11-26 13:13:46+00:00,48.59
2024-11-26 13:39:40+00:00,47.98
2024-11-26 13:50:44+00:00,48.01
2024-11-26 14:17:36+00:00,47.775
2024-11-26 14:38:43+00:00,47.755
2024-11-26 14:49:45+00:00,47.735
2024-11-26 15:20:45+00:00,46.875
2024-11-26 15:47:48+00:00,47.415
2024-11-26 16:25:45+00:00,47.52
2024-11-26 16:52:46+00:00,47.2
2024-11-26 16:59:59+00:00,47.09
2024-11-27 07:19:48+00:00,46.905
2024-11-27 07:45:49+00:00,46.52
2024-11-27 08:25:41+00:00,46.935
2024-11-27 08:51:24+00:00,47.15
2024-11-27 09:21:12+00:00,46.765
2024-11-27 09:46:06+00:00,47.0
2024-11-27 10:21:09+00:00,46.83
2024-11-27 10:49:02+00:00,46.74
2024-11-27 11:15:59+00:00,46.735
2024-11-27 11:28:53+00:00,46.72
2024-11-27 11:46:08+00:00,47.035
2024-11-27 12:39:02+00:00,47.12
2024-11-27 13:13:58+00:00,46.87
2024-11-27 13:39:59+00:00,46.655
2024-11-27 13:50:57+00:00,46.665
2024-11-27 14:17:59+00:00,46.83
2024-11-27 14:37:49+00:00,46.565
2024-11-27 14:49:49+00:00,46.81
2024-11-27 15:20:01+00:00,47.13
2024-11-27 15:46:58+00:00,47.305
2024-11-27 16:24:59+00:00,47.175
2024-11-27 16:51:52+00:00,47.015
2024-11-27 16:59:59+00:00,46.985
2024-11-28 07:21:00+00:00,47.505
2024-11-28 07:45:57+00:00,47.635
2024-11-28 08:25:59+00:00,46.975
2024-11-28 08:50:51+00:00,47.065
2024-11-28 09:20:56+00:00,46.725
2024-11-28 09:46:00+00:00,46.78
2024-11-28 10:20:49+00:00,46.635
2024-11-28 10:48:51+00:00,46.91
2024-11-28 11:15:54+00:00,46.915
2024-11-28 11:28:49+00:00,46.98
2024-11-28 11:45:41+00:00,46.945
2024-11-28 12:39:00+00:00,47.105
2024-11-28 13:14:59+00:00,47.1
2024-11-28 13:40:00+00:00,47.22
2024-11-28 13:50:54+00:00,47.19
2024-11-28 14:17:56+00:00,47.055
2024-11-28 14:37:53+00:00,47.14
2024-11-28 14:48:51+00:00,47.015
2024-11-28 15:19:34+00:00,47.0
2024-11-28 15:45:43+00:00,46.755
2024-11-28 16:23:37+00:00,46.68
2024-11-28 16:51:48+00:00,46.745
2024-11-28 16:59:59+00:00,46.745
2024-11-29 07:19:59+00:00,46.64
2024-11-29 07:44:57+00:00,46.39
2024-11-29 08:25:00+00:00,46.415
2024-11-29 08:50:56+00:00,46.465
2024-11-29 09:20:31+00:00,46.475
2024-11-29 09:45:55+00:00,46.4
2024-11-29 10:19:52+00:00,46.3
2024-11-29 10:48:56+00:00,46.275
2024-11-29 11:15:57+00:00,46.445
2024-11-29 11:28:58+00:00,46.535
2024-11-29 11:45:56+00:00,46.54
2024-11-29 12:38:00+00:00,47.705
2024-11-29 13:12:53+00:00,47.56
2024-11-29 13:38:57+00:00,47.51
2024-11-29 13:50:00+00:00,47.425
2024-11-29 14:17:53+00:00,47.455
2024-11-29 14:36:48+00:00,47.475
2024-11-29 14:48:54+00:00,47.485
2024-11-29 15:19:58+00:00,47.46
2024-11-29 15:45:57+00:00,47.465
2024-11-29 16:24:00+00:00,47.71
2024-11-29 16:51:00+00:00,47.8
2024-11-29 16:59:58+00:00,47.9
2024-12-02 07:21:58+00:00,48.885
2024-12-02 07:45:58+00:00,48.9
2024-12-02 08:26:55+00:00,49.25
2024-12-02 08:51:53+00:00,48.98
2024-12-02 09:21:58+00:00,48.72
2024-12-02 09:46:52+00:00,48.715
2024-12-02 10:21:56+00:00,48.66
2024-12-02 10:49:56+00:00,48.645
2024-12-02 11:15:57+00:00,48.575
2024-12-02 11:28:58+00:00,48.505
2024-12-02 11:46:00+00:00,48.47
2024-12-02 12:39:59+00:00,48.375
2024-12-02 13:29:01+00:00,48.595
2024-12-02 13:48:01+00:00,48.47
2024-12-02 14:17:38+00:00,48.46
2024-12-02 14:38:54+00:00,48.595
2024-12-02 14:50:01+00:00,48.58
2024-12-02 15:21:00+00:00,48.8
2024-12-02 15:46:56+00:00,48.595
2024-12-02 16:24:59+00:00,48.52
2024-12-02 16:52:52+00:00,48.42
2024-12-02 16:59:57+00:00,48.505
2024-12-03 07:21:01+00:00,49.045
2024-12-03 07:45:59+00:00,48.89
2024-12-03 08:25:53+00:00,48.85
2024-12-03 08:51:57+00:00,48.665
2024-12-03 09:20:55+00:00,48.57
2024-12-03 09:45:47+00:00,48.595
2024-12-03 10:21:55+00:00,48.525
2024-12-03 10:50:00+00:00,48.225
2024-12-03 11:15:56+00:00,48.325
2024-12-03 11:28:55+00:00,48.465
2024-12-03 11:45:58+00:00,48.445
2024-12-03 12:38:56+00:00,48.455
2024-12-03 13:14:33+00:00,48.69
2024-12-03 13:39:34+00:00,48.6
2024-12-03 14:16:55+00:00,48.58
2024-12-03 14:37:01+00:00,48.415
2024-12-03 14:47:26+00:00,48.4
2024-12-03 15:20:45+00:00,48.485
2024-12-03 15:46:57+00:00,48.55
2024-12-03 16:25:01+00:00,48.435
2024-12-03 16:53:02+00:00,48.43
2024-12-03 16:59:59+00:00,48.445
2024-12-04 07:20:58+00:00,48.075
2024-12-04 07:45:51+00:00,48.05
2024-12-04 08:27:00+00:00,48.035
2024-12-04 08:52:59+00:00,47.85
2024-12-04 09:21:00+00:00,47.615
2024-12-04 09:45:49+00:00,47.57
2024-12-04 10:20:55+00:00,47.68
2024-12-04 10:49:00+00:00,47.6
2024-12-04 11:15:58+00:00,47.5
2024-12-04 11:29:58+00:00,47.55
2024-12-04 11:45:45+00:00,47.49
2024-12-04 12:39:00+00:00,47.205
2024-12-04 13:15:00+00:00,47.34
2024-12-04 13:39:55+00:00,47.35
2024-12-04 14:18:56+00:00,47.07
2024-12-04 14:39:58+00:00,46.985
2024-12-04 14:50:46+00:00,47.135
2024-12-04 15:21:01+00:00,46.875
2024-12-04 15:46:55+00:00,46.82
2024-12-04 16:25:59+00:00,47.055
2024-12-04 16:52:52+00:00,47.22
2024-12-04 16:59:59+00:00,47.245
2024-12-05 07:20:59+00:00,47.445
2024-12-05 07:45:51+00:00,47.495
2024-12-05 08:25:58+00:00,47.495
2024-12-05 08:51:58+00:00,47.535
2024-12-05 09:20:37+00:00,47.4
2024-12-05 09:45:59+00:00,46.99
2024-12-05 10:20:54+00:00,47.025
2024-12-05 10:47:58+00:00,47.09
2024-12-05 11:15:25+00:00,47.0
2024-12-05 11:28:57+00:00,47.12
2024-12-05 11:45:52+00:00,47.07
2024-12-05 12:39:57+00:00,47.29
2024-12-05 13:15:04+00:00,47.265
2024-12-05 13:40:01+00:00,47.14
2024-12-05 14:18:02+00:00,46.91
2024-12-05 14:39:02+00:00,46.91
2024-12-05 14:50:03+00:00,46.795
2024-12-05 15:21:03+00:00,46.535
2024-12-05 15:47:02+00:00,46.485
2024-12-05 16:25:01+00:00,46.435
2024-12-05 16:53:05+00:00,46.54
2024-12-05 16:59:57+00:00,46.475
2024-12-06 07:21:03+00:00,46.08
2024-12-06 07:46:05+00:00,46.15
2024-12-06 08:25:04+00:00,46.41
2024-12-06 08:51:01+00:00,46.455
2024-12-06 09:20:03+00:00,46.33
2024-12-06 09:46:00+00:00,46.29
2024-12-06 10:21:01+00:00,46.305
2024-12-06 10:48:03+00:00,46.29
2024-12-06 11:15:59+00:00,46.165
2024-12-06 11:28:56+00:00,46.1
2024-12-06 11:46:01+00:00,46.17
2024-12-06 12:39:03+00:00,46.325
2024-12-06 13:14:01+00:00,46.475
2024-12-06 13:38:38+00:00,46.475
2024-12-06 13:49:57+00:00,46.5
2024-12-06 14:17:04+00:00,46.315
2024-12-06 14:37:50+00:00,46.22
2024-12-06 14:49:02+00:00,46.205
2024-12-06 15:20:07+00:00,46.025
2024-12-06 15:46:01+00:00,46.17
2024-12-06 16:24:02+00:00,46.42
2024-12-06 16:51:53+00:00,46.41
2024-12-06 16:59:58+00:00,46.51
2024-12-09 07:22:05+00:00,46.3
2024-12-09 07:46:07+00:00,46.125
2024-12-09 08:28:01+00:00,45.6
2024-12-09 08:51:01+00:00,45.37
2024-12-09 09:22:02+00:00,45.47
2024-12-09 09:46:01+00:00,45.69
2024-12-09 10:22:04+00:00,45.525
2024-12-09 10:49:57+00:00,45.605
2024-12-09 11:16:59+00:00,45.73
2024-12-09 11:29:55+00:00,45.79
2024-12-09 11:45:59+00:00,45.74
2024-12-09 12:40:57+00:00,45.5
2024-12-09 13:29:07+00:00,45.29
2024-12-09 13:48:04+00:00,45.405
2024-12-09 14:18:58+00:00,45.19
2024-12-09 14:40:04+00:00,44.875
2024-12-09 15:20:58+00:00,44.845
2024-12-09 15:47:03+00:00,44.95
2024-12-09 16:25:07+00:00,45.035
2024-12-09 16:52:41+00:00,45.01
2024-12-09 17:00:00+00:00,44.925
2024-12-10 07:20:35+00:00,44.735
2024-12-10 07:45:55+00:00,44.6
2024-12-10 08:25:56+00:00,44.83
2024-12-10 08:51:56+00:00,45.13
2024-12-10 09:21:54+00:00,45.115
2024-12-10 09:45:54+00:00,45.145
2024-12-10 10:20:57+00:00,45.1
2024-12-10 10:49:46+00:00,44.96
2024-12-10 11:15:54+00:00,44.77
2024-12-10 11:29:58+00:00,44.775
2024-12-10 11:45:43+00:00,44.98
2024-12-10 12:39:55+00:00,45.15
2024-12-10 13:28:25+00:00,45.19
2024-12-10 13:47:53+00:00,45.13
2024-12-10 14:18:58+00:00,45.45
2024-12-10 14:39:56+00:00,45.38
2024-12-10 14:51:57+00:00,45.415
2024-12-10 15:21:51+00:00,45.81
2024-12-10 15:47:56+00:00,45.62
2024-12-10 16:25:57+00:00,45.485
2024-12-10 16:52:50+00:00,45.65
2024-12-10 16:59:56+00:00,45.655
2024-12-11 07:19:58+00:00,45.3
2024-12-11 07:45:53+00:00,44.98
2024-12-11 08:26:57+00:00,45.44
2024-12-11 08:51:45+00:00,45.685
2024-12-11 09:20:50+00:00,45.635
2024-12-11 09:45:53+00:00,45.41
2024-12-11 10:20:49+00:00,45.365
2024-12-11 10:48:55+00:00,45.17
2024-12-11 11:15:55+00:00,45.09
2024-12-11 11:28:47+00:00,45.06
2024-12-11 11:45:57+00:00,45.195
2024-12-11 12:39:58+00:00,44.77
2024-12-11 13:15:55+00:00,44.735
2024-12-11 13:39:58+00:00,44.75
2024-12-11 14:18:54+00:00,44.51
2024-12-11 14:38:48+00:00,44.535
2024-12-11 14:49:57+00:00,44.545
2024-12-11 15:20:57+00:00,44.765
2024-12-11 15:46:54+00:00,44.635
2024-12-11 16:25:57+00:00,44.8
2024-12-11 16:52:39+00:00,44.685
2024-12-11 16:59:59+00:00,44.715
2024-12-12 09:20:56+00:00,43.91
2024-12-12 09:45:57+00:00,43.955
2024-12-12 10:20:29+00:00,43.245
2024-12-12 10:48:57+00:00,43.345
2024-12-12 11:15:56+00:00,43.35
2024-12-12 11:28:57+00:00,43.27
2024-12-12 11:45:56+00:00,43.435
2024-12-12 12:39:58+00:00,43.345
2024-12-12 13:15:51+00:00,42.91
2024-12-12 13:39:56+00:00,43.05
2024-12-12 14:18:36+00:00,43.005
2024-12-12 14:38:35+00:00,42.92
2024-12-12 14:49:36+00:00,42.715
2024-12-12 15:20:35+00:00,42.605
2024-12-12 15:47:30+00:00,42.575
2024-12-12 16:24:39+00:00,42.69
2024-12-12 16:52:39+00:00,42.64
2024-12-12 17:00:00+00:00,42.54
2024-12-13 07:18:35+00:00,42.585
2024-12-13 07:32:31+00:00,42.58
2024-12-13 07:45:36+00:00,42.535
2024-12-13 08:25:39+00:00,42.755
2024-12-13 08:50:31+00:00,43.0
2024-12-13 09:20:38+00:00,42.925
2024-12-13 09:45:38+00:00,43.2
2024-12-13 10:20:39+00:00,42.98
2024-12-13 10:47:38+00:00,42.89
2024-12-13 11:15:35+00:00,43.14
2024-12-13 11:28:37+00:00,43.035
2024-12-13 11:45:04+00:00,43.165
2024-12-13 12:38:38+00:00,42.79
2024-12-13 13:13:33+00:00,42.68
2024-12-13 13:38:36+00:00,42.53
2024-12-13 13:50:31+00:00,42.465
2024-12-13 14:17:32+00:00,42.33
2024-12-13 14:38:37+00:00,41.48
2024-12-13 14:48:33+00:00,41.645
2024-12-13 15:19:40+00:00,41.395
2024-12-13 15:46:36+00:00,41.085
2024-12-13 16:24:37+00:00,41.24
2024-12-13 16:51:35+00:00,41.095
2024-12-13 16:59:58+00:00,41.17
2024-12-16 07:19:39+00:00,39.665
2024-12-16 07:45:36+00:00,40.07
2024-12-16 08:26:35+00:00,39.9
2024-12-16 08:51:39+00:00,39.805
2024-12-16 09:21:30+00:00,40.32
2024-12-16 09:45:39+00:00,40.275
2024-12-16 10:21:39+00:00,40.13
2024-12-16 10:49:34+00:00,39.975
2024-12-16 11:16:35+00:00,40.0
2024-12-16 11:29:36+00:00,39.97
2024-12-16 11:45:21+00:00,39.93
2024-12-16 12:40:10+00:00,40.005
2024-12-16 13:28:36+00:00,39.05
2024-12-16 13:47:26+00:00,39.335
2024-12-16 14:18:40+00:00,39.33
2024-12-16 14:38:34+00:00,39.39
2024-12-16 14:50:34+00:00,39.725
2024-12-16 15:20:35+00:00,40.15
2024-12-16 15:46:38+00:00,40.475
2024-12-16 16:25:35+00:00,39.975
2024-12-16 16:51:36+00:00,39.705
2024-12-16 16:59:58+00:00,39.5
2024-12-17 07:19:38+00:00,40.2
2024-12-17 07:33:32+00:00,40.495
2024-12-17 07:45:39+00:00,40.36
2024-12-17 08:26:32+00:00,40.02
2024-12-17 08:51:36+00:00,40.325
2024-12-17 09:21:38+00:00,40.425
2024-12-17 09:45:25+00:00,40.405
2024-12-17 10:20:34+00:00,40.505
2024-12-17 10:48:35+00:00,40.445
2024-12-17 11:15:30+00:00,40.645
2024-12-17 11:28:38+00:00,41.205
2024-12-17 11:45:38+00:00,41.215
2024-12-17 12:39:37+00:00,41.785
2024-12-17 13:15:39+00:00,41.67
2024-12-17 13:39:33+00:00,41.715
2024-12-17 14:17:26+00:00,41.76
2024-12-17 14:38:33+00:00,41.77
2024-12-17 14:49:29+00:00,41.73
2024-12-17 15:20:33+00:00,41.925
2024-12-17 15:46:38+00:00,41.86
2024-12-17 16:25:38+00:00,41.815
2024-12-17 16:51:35+00:00,41.975
2024-12-17 16:59:58+00:00,42.07
2024-12-18 07:17:38+00:00,42.31
2024-12-18 07:29:36+00:00,42.345
2024-12-18 07:45:39+00:00,42.15
2024-12-18 08:25:29+00:00,41.69
2024-12-18 08:50:36+00:00,41.715
2024-12-18 09:19:36+00:00,40.88
2024-12-18 09:45:38+00:00,40.755
2024-12-18 10:19:37+00:00,40.78
2024-12-18 10:46:12+00:00,40.745
2024-12-18 11:14:37+00:00,40.71
2024-12-18 11:27:38+00:00,41.145
2024-12-18 11:45:38+00:00,41.225
2024-12-18 12:37:37+00:00,41.445
2024-12-18 13:05:38+00:00,40.85
2024-12-18 13:36:24+00:00,41.13
2024-12-18 13:48:40+00:00,40.99
2024-12-18 14:17:38+00:00,41.125
2024-12-18 14:37:34+00:00,41.225
2024-12-18 14:48:30+00:00,41.235
2024-12-18 15:19:39+00:00,40.905
2024-12-18 15:45:29+00:00,40.84
2024-12-18 16:23:38+00:00,40.98
2024-12-18 16:50:39+00:00,41.11
2024-12-18 16:59:59+00:00,41.11
2024-12-19 07:29:59+00:00,41.74
2024-12-19 07:45:05+00:00,41.555
2024-12-19 08:23:53+00:00,41.235
2024-12-19 08:49:03+00:00,41.14
2024-12-19 09:18:49+00:00,41.195
2024-12-19 09:44:53+00:00,41.175
2024-12-19 10:19:09+00:00,40.72
2024-12-19 10:47:03+00:00,41.035
2024-12-19 11:14:06+00:00,41.515
2024-12-19 11:26:59+00:00,41.45
2024-12-19 11:45:00+00:00,41.68
2024-12-19 12:37:36+00:00,41.75
2024-12-19 13:11:43+00:00,41.7
2024-12-19 13:29:58+00:00,42.29
2024-12-19 13:48:40+00:00,42.205
2024-12-19 14:16:39+00:00,42.275
2024-12-19 14:36:41+00:00,42.375
2024-12-19 14:47:38+00:00,42.655
2024-12-19 15:19:40+00:00,43.165
2024-12-19 15:35:41+00:00,43.065
2024-12-19 15:46:43+00:00,43.055
2024-12-19 16:20:40+00:00,43.11
2024-12-19 16:48:40+00:00,43.365
2024-12-19 17:03:05+00:00,43.395
2024-12-20 07:16:42+00:00,43.855
2024-12-20 07:28:36+00:00,43.84
2024-12-20 07:45:43+00:00,44.5
2024-12-20 08:23:40+00:00,44.005
2024-12-20 08:47:41+00:00,44.135
2024-12-20 09:18:23+00:00,43.645
2024-12-20 09:31:35+00:00,43.66
2024-12-20 09:45:29+00:00,43.53
2024-12-20 10:18:05+00:00,43.665
2024-12-20 10:35:59+00:00,43.48
2024-12-20 10:46:42+00:00,43.44
2024-12-20 11:13:00+00:00,43.655
2024-12-20 11:25:04+00:00,43.4
2024-12-20 11:44:44+00:00,43.25
2024-12-20 12:33:33+00:00,43.475
2024-12-20 13:01:01+00:00,43.55
2024-12-20 13:31:06+00:00,43.215
2024-12-20 13:45:06+00:00,43.45
2024-12-20 14:15:06+00:00,42.915
2024-12-20 14:32:00+00:00,42.945
2024-12-20 14:45:09+00:00,42.765
2024-12-20 15:17:01+00:00,43.57
2024-12-20 15:31:03+00:00,43.56
2024-12-20 15:45:09+00:00,43.835
2024-12-20 16:21:05+00:00,43.865
2024-12-20 16:46:07+00:00,43.77
2024-12-20 16:59:59+00:00,43.765
2024-12-23 07:17:00+00:00,44.06
2024-12-23 07:27:59+00:00,43.945
2024-12-23 07:44:07+00:00,44.04
2024-12-23 08:23:05+00:00,44.025
2024-12-23 08:46:54+00:00,43.865
2024-12-23 09:18:06+00:00,44.415
2024-12-23 09:32:08+00:00,44.54
2024-12-23 09:45:08+00:00,44.515
2024-12-23 10:18:09+00:00,44.72
2024-12-23 10:37:09+00:00,45.04
2024-12-23 10:48:00+00:00,44.95
2024-12-23 11:14:03+00:00,45.215
2024-12-23 11:25:04+00:00,45.285
2024-12-23 11:45:08+00:00,45.5
2024-12-23 12:35:04+00:00,45.295
2024-12-23 13:02:01+00:00,45.355
2024-12-23 13:31:50+00:00,45.185
2024-12-23 13:45:08+00:00,45.15
2024-12-23 14:16:07+00:00,45.105
2024-12-23 14:33:02+00:00,45.18
2024-12-23 14:45:03+00:00,45.31
2024-12-23 15:16:52+00:00,45.15
2024-12-23 15:31:06+00:00,45.55
2024-12-23 15:45:09+00:00,45.62
2024-12-23 16:21:01+00:00,45.485
2024-12-23 16:46:09+00:00,45.64
2024-12-23 17:00:00+00:00,45.78
2024-12-24 07:16:09+00:00,46.085
2024-12-24 07:27:00+00:00,45.99
2024-12-24 07:45:06+00:00,45.935
2024-12-24 08:21:52+00:00,45.86
2024-12-24 08:46:54+00:00,46.135
2024-12-24 09:17:05+00:00,46.285
2024-12-24 09:30:06+00:00,46.44
2024-12-24 09:45:03+00:00,46.485
2024-12-24 10:16:59+00:00,46.53
2024-12-24 10:36:07+00:00,46.795
2024-12-24 10:47:07+00:00,46.73
2024-12-24 11:14:02+00:00,46.02
2024-12-24 11:25:05+00:00,46.15
2024-12-24 11:45:08+00:00,46.395
2024-12-24 12:35:44+00:00,45.805
2024-12-24 13:00:59+00:00,46.075
2024-12-24 13:03:12+00:00,46.005
2024-12-27 07:16:33+00:00,47.815
2024-12-27 07:29:55+00:00,47.555
2024-12-27 07:45:59+00:00,47.27
2024-12-27 08:22:57+00:00,46.905
2024-12-27 08:46:54+00:00,46.96
2024-12-27 09:17:56+00:00,47.45
2024-12-27 09:30:58+00:00,47.535
2024-12-27 09:45:59+00:00,47.375
2024-12-27 10:18:00+00:00,47.455
2024-12-27 10:35:59+00:00,47.425
2024-12-27 10:47:00+00:00,47.445
2024-12-27 11:14:58+00:00,47.36
2024-12-27 11:25:46+00:00,47.35
2024-12-27 11:45:51+00:00,47.37
2024-12-27 12:34:57+00:00,47.445
2024-12-27 13:00:59+00:00,47.585
2024-12-27 13:31:55+00:00,47.73
2024-12-27 13:45:57+00:00,47.86
2024-12-27 14:15:55+00:00,48.005
2024-12-27 14:32:56+00:00,47.995
2024-12-27 14:45:57+00:00,48.135
2024-12-27 15:17:58+00:00,48.035
2024-12-27 15:30:59+00:00,47.855
2024-12-27 15:45:50+00:00,48.005
2024-12-27 16:20:56+00:00,48.0
2024-12-27 16:45:55+00:00,47.89
2024-12-27 16:59:59+00:00,48.01
2024-12-30 07:18:53+00:00,47.85
2024-12-30 07:31:58+00:00,47.41
2024-12-30 07:45:51+00:00,47.535
2024-12-30 08:23:52+00:00,47.815
2024-12-30 08:47:51+00:00,47.75
2024-12-30 09:18:38+00:00,47.71
2024-12-30 09:32:48+00:00,47.55
2024-12-30 09:45:58+00:00,47.53
2024-12-30 10:18:53+00:00,47.575
2024-12-30 10:37:57+00:00,47.58
2024-12-30 10:48:55+00:00,47.715
2024-12-30 11:14:52+00:00,47.585
2024-12-30 11:26:00+00:00,47.525
2024-12-30 11:45:38+00:00,47.425
2024-12-30 12:35:53+00:00,47.42
2024-12-30 13:01:29+00:00,47.45
2024-12-30 13:32:47+00:00,47.48
2024-12-30 13:45:59+00:00,47.465
2024-12-30 14:15:54+00:00,47.39
2024-12-30 14:32:50+00:00,47.38
2024-12-30 14:45:58+00:00,47.425
2024-12-30 15:17:50+00:00,47.4
2024-12-30 15:32:00+00:00,47.635
2024-12-30 15:45:57+00:00,47.685
2024-12-30 16:21:55+00:00,47.92
2024-12-30 16:46:54+00:00,48.06
2024-12-30 16:59:59+00:00,48.24
2024-12-31 07:16:55+00:00,48.495
2024-12-31 07:28:24+00:00,48.65
2024-12-31 07:45:47+00:00,48.82
2024-12-31 08:22:54+00:00,48.43
2024-12-31 08:46:55+00:00,48.335
2024-12-31 09:17:55+00:00,48.485
2024-12-31 09:30:53+00:00,48.445
2024-12-31 09:45:45+00:00,48.57
2024-12-31 10:17:58+00:00,48.9
2024-12-31 10:36:56+00:00,49.205
2024-12-31 10:47:52+00:00,48.95
2024-12-31 11:13:59+00:00,49.1
2024-12-31 11:25:56+00:00,49.045
2024-12-31 11:45:59+00:00,49.005
2024-12-31 12:34:41+00:00,48.69
2024-12-31 13:00:57+00:00,48.875
2024-12-31 13:04:55+00:00,48.92
2025-01-02 07:46:00+00:00,49.93
2025-01-02 08:22:59+00:00,49.97
2025-01-02 08:46:59+00:00,49.31
2025-01-02 09:18:59+00:00,48.66
2025-01-02 09:31:57+00:00,48.815
2025-01-02 09:46:00+00:00,49.25
2025-01-02 10:17:59+00:00,49.025
2025-01-02 10:36:43+00:00,49.49
2025-01-02 10:47:58+00:00,49.39
2025-01-02 11:13:59+00:00,49.575
2025-01-02 11:25:57+00:00,49.58
2025-01-02 11:45:41+00:00,49.72
2025-01-02 12:35:58+00:00,50.215
2025-01-02 13:01:55+00:00,50.315
2025-01-02 13:31:58+00:00,50.135
2025-01-02 13:45:56+00:00,50.435
2025-01-02 14:15:58+00:00,50.45
2025-01-02 14:32:44+00:00,50.68
2025-01-02 14:45:58+00:00,50.485
2025-01-02 15:17:58+00:00,49.915
2025-01-02 15:31:54+00:00,50.0
2025-01-02 15:45:58+00:00,50.25
2025-01-02 16:21:54+00:00,50.03
2025-01-02 16:47:59+00:00,49.92
2025-01-02 16:59:58+00:00,49.755
2025-01-03 07:16:55+00:00,49.93
2025-01-03 07:27:58+00:00,50.28
2025-01-03 07:45:50+00:00,50.155
2025-01-03 08:22:59+00:00,49.575
2025-01-03 08:47:55+00:00,49.65
2025-01-03 09:17:58+00:00,49.83
2025-01-03 09:31:54+00:00,50.025
2025-01-03 09:46:00+00:00,50.075
2025-01-03 10:18:58+00:00,49.92
2025-01-03 10:36:56+00:00,49.9
2025-01-03 10:47:33+00:00,49.85
2025-01-03 11:13:59+00:00,50.03
2025-01-03 11:25:34+00:00,50.175
2025-01-03 11:45:54+00:00,50.15
2025-01-03 12:35:58+00:00,49.925
2025-01-03 13:01:53+00:00,50.0
2025-01-03 13:31:52+00:00,50.185
2025-01-03 13:45:53+00:00,50.135
2025-01-03 14:15:58+00:00,50.085
2025-01-03 14:32:58+00:00,50.02
2025-01-03 14:45:57+00:00,49.94
2025-01-03 15:17:53+00:00,49.885
2025-01-03 15:32:00+00:00,49.95
2025-01-03 15:45:50+00:00,49.755
2025-01-03 16:21:57+00:00,49.555
2025-01-03 16:48:00+00:00,49.59
2025-01-03 16:59:59+00:00,49.64
2025-01-06 07:18:57+00:00,49.075
2025-01-06 07:29:58+00:00,48.98
2025-01-06 07:45:57+00:00,49.15
2025-01-06 08:23:54+00:00,48.895
2025-01-06 08:48:55+00:00,48.77
2025-01-06 09:19:53+00:00,48.55
2025-01-06 09:45:52+00:00,48.405
2025-01-06 10:19:54+00:00,48.555
2025-01-06 10:45:53+00:00,48.595
2025-01-06 11:14:52+00:00,48.565
2025-01-06 11:26:57+00:00,48.575
2025-01-06 11:45:58+00:00,48.35
2025-01-06 12:36:43+00:00,48.08
2025-01-06 13:03:53+00:00,48.07
2025-01-06 13:33:53+00:00,48.085
2025-01-06 13:45:56+00:00,48.24
2025-01-06 14:15:33+00:00,48.05
2025-01-06 14:36:00+00:00,48.03
2025-01-06 14:46:17+00:00,48.0
2025-01-06 15:18:59+00:00,47.59
2025-01-06 15:31:58+00:00,47.695
2025-01-06 15:45:58+00:00,47.36
2025-01-06 16:22:53+00:00,47.19
2025-01-06 16:49:58+00:00,47.055
2025-01-06 16:59:57+00:00,47.2
2025-01-07 07:16:59+00:00,46.72
2025-01-07 07:28:59+00:00,46.765
2025-01-07 07:45:53+00:00,46.6
2025-01-07 08:22:21+00:00,47.055
2025-01-07 08:47:59+00:00,46.94
2025-01-07 09:19:55+00:00,46.865
2025-01-07 09:33:54+00:00,46.75
2025-01-07 09:45:59+00:00,46.505
2025-01-07 10:19:55+00:00,46.34
2025-01-07 10:45:37+00:00,46.31
2025-01-07 11:14:59+00:00,46.49
2025-01-07 11:26:56+00:00,46.34
2025-01-07 11:45:50+00:00,46.27
2025-01-07 12:36:55+00:00,46.35
2025-01-07 13:03:19+00:00,46.48
2025-01-07 14:59:34+00:00,46.625
2025-01-07 16:09:15+00:00,47.56
2025-01-07 16:49:05+00:00,47.815
2025-01-07 16:59:59+00:00,47.915
2025-01-08 07:16:18+00:00,47.595
2025-01-08 07:27:01+00:00,47.505
2025-01-08 07:45:08+00:00,47.52
2025-01-08 08:22:58+00:00,47.38
2025-01-08 08:48:20+00:00,47.25
2025-01-08 09:18:17+00:00,47.2
2025-01-08 09:32:16+00:00,47.15
2025-01-08 09:45:18+00:00,47.135
2025-01-08 10:18:18+00:00,46.625
2025-01-08 10:36:15+00:00,46.72
2025-01-08 10:47:03+00:00,46.73
2025-01-08 11:14:15+00:00,46.665
2025-01-08 11:26:19+00:00,46.59
2025-01-08 11:45:15+00:00,46.21
2025-01-08 12:36:48+00:00,46.105
2025-01-08 13:02:46+00:00,45.61
2025-01-08 13:32:49+00:00,45.6
2025-01-08 13:45:43+00:00,45.87
2025-01-08 14:16:46+00:00,45.965
2025-01-08 14:34:46+00:00,46.17
2025-01-08 14:45:44+00:00,46.17
2025-01-08 15:18:34+00:00,45.93
2025-01-08 15:33:45+00:00,45.525
2025-01-08 15:45:45+00:00,45.7
2025-01-08 16:22:46+00:00,45.42
2025-01-08 16:48:21+00:00,45.34
2025-01-08 16:59:59+00:00,45.085
2025-01-09 07:17:45+00:00,45.255
2025-01-09 07:29:47+00:00,45.405
2025-01-09 07:45:49+00:00,45.155
2025-01-09 08:22:46+00:00,45.025
2025-01-09 08:46:48+00:00,45.22
2025-01-09 09:18:46+00:00,44.975
2025-01-09 09:32:25+00:00,44.945
2025-01-09 09:45:46+00:00,45.015
2025-01-09 10:18:50+00:00,44.745
2025-01-09 10:37:40+00:00,44.305
2025-01-09 10:48:48+00:00,44.245
2025-01-09 11:13:50+00:00,44.2
2025-01-09 11:26:49+00:00,44.31
2025-01-09 11:45:45+00:00,43.965
2025-01-09 12:36:50+00:00,44.57
2025-01-09 13:03:46+00:00,44.485
2025-01-09 13:33:44+00:00,44.63
2025-01-09 13:45:39+00:00,44.78
2025-01-09 14:16:36+00:00,44.45
2025-01-09 14:34:40+00:00,44.395
2025-01-09 14:45:36+00:00,44.45
2025-01-09 15:18:47+00:00,44.33
2025-01-09 15:33:42+00:00,44.905
2025-01-09 15:45:38+00:00,44.87
2025-01-09 16:22:32+00:00,44.975
2025-01-09 16:48:44+00:00,45.225
2025-01-09 16:59:50+00:00,45.205
2025-01-10 07:16:49+00:00,44.83
2025-01-10 07:28:48+00:00,44.62
2025-01-10 07:45:11+00:00,44.685
2025-01-10 08:22:49+00:00,44.14
2025-01-10 08:47:47+00:00,44.02
2025-01-10 09:18:44+00:00,43.835
2025-01-10 09:32:49+00:00,43.795
2025-01-10 09:45:43+00:00,43.615
2025-01-10 10:18:43+00:00,43.44
2025-01-10 10:38:30+00:00,43.59
2025-01-10 10:48:45+00:00,43.59
2025-01-10 11:14:42+00:00,43.86
2025-01-10 11:26:43+00:00,43.985
2025-01-10 11:45:16+00:00,43.95
2025-01-10 12:36:22+00:00,43.67
2025-01-10 13:01:42+00:00,43.865
2025-01-10 13:29:59+00:00,44.37
2025-01-10 13:45:43+00:00,44.445
2025-01-10 14:16:45+00:00,44.825
2025-01-10 14:34:48+00:00,44.93
2025-01-10 14:46:49+00:00,44.875
2025-01-10 15:17:43+00:00,45.5
2025-01-10 15:32:49+00:00,45.57
2025-01-10 15:45:42+00:00,45.475
2025-01-10 16:22:48+00:00,45.235
2025-01-10 16:47:49+00:00,45.355
2025-01-10 16:59:53+00:00,45.485
2025-01-13 07:17:44+00:00,46.49
2025-01-13 07:29:46+00:00,46.79
2025-01-13 07:45:42+00:00,47.075
2025-01-13 08:24:45+00:00,47.46
2025-01-13 08:49:48+00:00,47.14
2025-01-13 09:19:34+00:00,46.99
2025-01-13 09:45:49+00:00,47.185
2025-01-13 10:19:49+00:00,47.025
2025-01-13 10:46:46+00:00,47.09
2025-01-13 11:14:44+00:00,47.565
2025-01-13 11:26:44+00:00,47.65
2025-01-13 11:45:43+00:00,47.53
2025-01-13 12:37:32+00:00,47.25
2025-01-13 13:04:46+00:00,47.355
2025-01-13 13:34:50+00:00,46.955
2025-01-13 13:45:50+00:00,46.955
2025-01-13 14:17:49+00:00,47.235
2025-01-13 14:36:45+00:00,47.345
2025-01-13 14:48:48+00:00,47.555
2025-01-13 15:19:46+00:00,47.97
2025-01-13 15:45:42+00:00,47.98
2025-01-13 16:24:48+00:00,48.415
2025-01-13 16:49:46+00:00,48.385
2025-01-13 16:59:59+00:00,48.25
2025-01-14 07:15:48+00:00,48.1
2025-01-14 07:26:48+00:00,48.255
2025-01-14 07:45:47+00:00,48.3
2025-01-14 08:22:47+00:00,47.95
2025-01-14 08:46:50+00:00,47.665
2025-01-14 09:17:48+00:00,47.785
2025-01-14 09:30:49+00:00,47.685
2025-01-14 09:45:49+00:00,47.895
2025-01-14 10:17:48+00:00,48.255
2025-01-14 10:36:43+00:00,48.245
2025-01-14 10:47:43+00:00,48.18
2025-01-14 11:13:50+00:00,48.34
2025-01-14 11:26:40+00:00,48.3
2025-01-14 11:45:44+00:00,48.115
2025-01-14 12:34:46+00:00,48.31
2025-01-14 12:59:47+00:00,47.66
2025-01-14 13:30:18+00:00,47.35
2025-01-14 13:45:45+00:00,47.355
2025-01-14 14:16:38+00:00,47.075
2025-01-14 14:33:47+00:00,46.65
2025-01-14 14:45:46+00:00,46.515
2025-01-14 15:17:43+00:00,46.725
2025-01-14 15:31:49+00:00,46.765
2025-01-14 15:45:45+00:00,47.01
2025-01-14 16:21:39+00:00,46.97
2025-01-14 16:46:45+00:00,47.215
2025-01-14 16:59:59+00:00,47.34
2025-01-15 07:15:49+00:00,47.505
2025-01-15 07:26:49+00:00,47.295
2025-01-15 07:45:46+00:00,47.38
2025-01-15 08:22:43+00:00,47.175
2025-01-15 08:46:46+00:00,47.215
2025-01-15 09:17:45+00:00,47.425
2025-01-15 09:30:45+00:00,47.64
2025-01-15 09:45:50+00:00,47.62
2025-01-15 10:17:40+00:00,47.175
2025-01-15 10:35:47+00:00,47.31
2025-01-15 10:47:43+00:00,47.255
2025-01-15 11:14:38+00:00,47.375
2025-01-15 11:26:46+00:00,47.675
2025-01-15 11:45:44+00:00,47.505
2025-01-15 12:34:31+00:00,46.84
2025-01-15 13:00:39+00:00,46.91
2025-01-15 13:29:55+00:00,46.97
2025-01-15 13:45:48+00:00,47.14
2025-01-15 14:15:47+00:00,47.14
2025-01-15 14:32:50+00:00,46.85
2025-01-15 14:45:43+00:00,46.865
2025-01-15 15:18:47+00:00,46.74
2025-01-15 15:31:46+00:00,46.625
2025-01-15 15:45:43+00:00,46.765
2025-01-15 16:21:43+00:00,47.025
2025-01-15 16:46:40+00:00,47.13
2025-01-15 16:59:58+00:00,47.125
2025-01-16 07:15:48+00:00,46.35
2025-01-16 07:27:36+00:00,46.285
2025-01-16 07:45:36+00:00,45.9
2025-01-16 08:21:46+00:00,45.805
2025-01-16 08:45:32+00:00,45.915
2025-01-16 09:17:48+00:00,46.1
2025-01-16 09:30:39+00:00,46.28
2025-01-16 09:45:50+00:00,46.22
2025-01-16 10:18:49+00:00,46.275
2025-01-16 10:36:30+00:00,46.18
2025-01-16 10:47:40+00:00,46.025
2025-01-16 11:14:50+00:00,46.06
2025-01-16 11:25:50+00:00,45.93
2025-01-16 11:45:41+00:00,45.815
2025-01-16 12:34:44+00:00,46.15
2025-01-16 13:00:48+00:00,45.825
2025-01-16 13:31:50+00:00,46.3
2025-01-16 13:45:26+00:00,46.3
2025-01-16 14:15:33+00:00,46.27
2025-01-16 14:31:43+00:00,46.16
2025-01-16 14:45:45+00:00,46.025
2025-01-16 15:17:44+00:00,45.93
2025-01-16 15:31:43+00:00,46.1
2025-01-16 15:45:43+00:00,46.225
2025-01-16 16:21:42+00:00,46.305
2025-01-16 16:46:43+00:00,46.245
2025-01-16 16:59:46+00:00,46.405
2025-01-17 07:15:25+00:00,46.09
2025-01-17 07:26:51+00:00,46.195
2025-01-17 07:45:45+00:00,45.725
2025-01-17 08:21:41+00:00,46.01
2025-01-17 08:45:48+00:00,46.115
2025-01-17 09:17:43+00:00,46.19
2025-01-17 09:30:39+00:00,46.3
2025-01-17 09:45:49+00:00,46.25
2025-01-17 10:17:45+00:00,46.49
2025-01-17 10:35:46+00:00,46.71
2025-01-17 10:46:49+00:00,46.485
2025-01-17 11:14:01+00:00,46.6
2025-01-17 11:26:45+00:00,46.675
2025-01-17 11:45:48+00:00,46.715
2025-01-17 12:33:48+00:00,46.85
2025-01-17 12:59:46+00:00,47.025
2025-01-17 13:30:47+00:00,47.0
2025-01-17 13:45:51+00:00,46.86
2025-01-17 14:15:46+00:00,46.905
2025-01-17 14:21:59+00:00,46.825
2025-01-17 14:44:20+00:00,46.775
2025-01-17 15:17:45+00:00,46.815
2025-01-17 15:30:47+00:00,46.735
2025-01-17 15:45:44+00:00,46.755
2025-01-17 16:21:44+00:00,46.975
2025-01-17 16:45:48+00:00,47.2
2025-01-17 16:59:55+00:00,47.4
2025-01-20 07:16:46+00:00,46.495
2025-01-20 07:28:40+00:00,46.55
2025-01-20 07:45:42+00:00,46.495
2025-01-20 08:23:47+00:00,46.385
2025-01-20 08:47:48+00:00,46.285
2025-01-20 09:18:42+00:00,46.215
2025-01-20 09:32:46+00:00,46.32
2025-01-20 09:45:49+00:00,46.37
2025-01-20 10:18:29+00:00,46.475
2025-01-20 10:37:47+00:00,46.38
2025-01-20 10:48:44+00:00,46.38
2025-01-20 11:14:50+00:00,46.49
2025-01-20 11:25:44+00:00,46.425
2025-01-20 11:45:38+00:00,46.455
2025-01-20 12:35:45+00:00,47.39
2025-01-20 13:01:46+00:00,47.655
2025-01-20 13:32:49+00:00,47.595
2025-01-20 13:45:47+00:00,47.35
2025-01-20 14:16:47+00:00,47.575
2025-01-20 14:33:20+00:00,47.73
2025-01-20 14:45:46+00:00,47.585
2025-01-20 15:18:47+00:00,47.92
2025-01-20 15:31:40+00:00,47.75
2025-01-20 15:45:44+00:00,47.55
2025-01-20 16:21:43+00:00,47.965
2025-01-20 16:46:35+00:00,47.58
2025-01-20 16:59:59+00:00,47.75
2025-01-21 07:16:47+00:00,47.785
2025-01-21 07:27:50+00:00,48.15
2025-01-21 07:45:47+00:00,48.035
2025-01-21 08:22:47+00:00,48.54
2025-01-21 08:46:47+00:00,48.265
2025-01-21 09:18:51+00:00,48.6
2025-01-21 09:31:23+00:00,48.465
2025-01-21 09:45:46+00:00,48.56
2025-01-21 10:18:50+00:00,48.2
2025-01-21 10:36:42+00:00,48.245
2025-01-21 10:47:43+00:00,48.16
2025-01-21 11:13:47+00:00,47.765
2025-01-21 11:25:37+00:00,47.59
2025-01-21 11:45:48+00:00,47.595
2025-01-21 12:35:49+00:00,47.925
2025-01-21 13:01:45+00:00,47.71
2025-01-21 13:31:49+00:00,48.025
2025-01-21 13:45:49+00:00,48.305
2025-01-21 14:16:32+00:00,48.28
2025-01-21 14:34:44+00:00,48.82
2025-01-21 14:45:49+00:00,48.95
2025-01-21 15:18:47+00:00,48.965
2025-01-21 15:33:37+00:00,49.38
2025-01-21 15:45:48+00:00,49.82
2025-01-21 16:22:47+00:00,50.03
2025-01-21 16:48:50+00:00,49.81
2025-01-21 16:59:59+00:00,49.725
2025-01-22 07:15:58+00:00,50.26
2025-01-22 07:27:11+00:00,49.95
2025-01-22 07:45:09+00:00,50.18
2025-01-22 08:23:09+00:00,50.435
2025-01-22 08:47:08+00:00,49.865
2025-01-22 09:18:05+00:00,49.95
2025-01-22 09:32:04+00:00,49.745
2025-01-22 09:45:04+00:00,49.61
2025-01-22 10:16:08+00:00,49.845
2025-01-22 10:34:05+00:00,50.135
2025-01-22 10:45:07+00:00,50.145
2025-01-22 11:14:02+00:00,49.895
2025-01-22 11:25:08+00:00,50.01
2025-01-22 11:45:02+00:00,49.785
2025-01-22 12:34:55+00:00,50.015
2025-01-22 13:01:06+00:00,49.71
2025-01-22 13:31:07+00:00,49.25
2025-01-22 13:45:10+00:00,49.21
2025-01-22 14:16:04+00:00,49.25
2025-01-22 14:34:05+00:00,49.22
2025-01-22 14:45:07+00:00,49.19
2025-01-22 15:18:05+00:00,48.875
2025-01-22 15:31:55+00:00,48.825
2025-01-22 15:45:07+00:00,48.83
2025-01-22 16:22:09+00:00,48.75
2025-01-22 16:45:59+00:00,48.745
2025-01-22 16:59:54+00:00,48.69
2025-01-23 07:15:58+00:00,49.05
2025-01-23 07:28:58+00:00,49.06
2025-01-23 07:45:08+00:00,49.095
2025-01-23 08:22:04+00:00,49.32
2025-01-23 08:46:04+00:00,49.61
2025-01-23 09:18:08+00:00,50.345
2025-01-23 09:32:09+00:00,50.125
2025-01-23 09:45:08+00:00,50.31
2025-01-23 10:19:10+00:00,49.905
2025-01-23 10:38:07+00:00,49.685
2025-01-23 10:48:07+00:00,49.775
2025-01-23 11:14:08+00:00,49.255
2025-01-23 11:24:36+00:00,49.41
2025-01-23 11:45:01+00:00,49.42
2025-01-23 12:35:09+00:00,49.66
2025-01-23 13:01:06+00:00,49.005
2025-01-23 13:18:33+00:00,49.105
2025-01-23 13:44:37+00:00,49.06
2025-01-23 14:15:08+00:00,49.28
2025-01-23 14:33:09+00:00,49.595
2025-01-23 14:45:10+00:00,49.12
2025-01-23 15:17:47+00:00,49.125
2025-01-23 15:33:07+00:00,48.725
2025-01-23 15:45:01+00:00,48.815
2025-01-23 16:22:08+00:00,49.22
2025-01-23 16:47:52+00:00,49.365
2025-01-23 16:59:59+00:00,49.39
2025-01-24 07:15:56+00:00,49.68
2025-01-24 07:27:11+00:00,49.765
2025-01-24 07:45:05+00:00,49.605
2025-01-24 08:22:09+00:00,49.685
2025-01-24 08:45:11+00:00,49.68
2025-01-24 09:18:04+00:00,48.965
2025-01-24 09:31:10+00:00,49.045
2025-01-24 09:45:03+00:00,48.825
2025-01-24 10:17:55+00:00,48.765
2025-01-24 10:36:05+00:00,49.02
2025-01-24 10:47:10+00:00,48.935
2025-01-24 11:14:01+00:00,48.89
2025-01-24 11:25:08+00:00,48.895
2025-01-24 11:45:09+00:00,49.045
2025-01-24 12:34:07+00:00,48.775
2025-01-24 12:59:03+00:00,48.53
2025-01-24 13:30:11+00:00,48.42
2025-01-24 13:45:11+00:00,48.38
2025-01-24 14:15:09+00:00,48.695
2025-01-24 14:32:10+00:00,48.685
2025-01-24 14:44:56+00:00,48.975
2025-01-24 15:17:10+00:00,49.225
2025-01-24 15:31:09+00:00,49.35
2025-01-24 15:45:10+00:00,49.565
2025-01-24 16:21:05+00:00,49.77
2025-01-24 16:46:03+00:00,49.86
2025-01-24 16:59:56+00:00,49.81
2025-01-27 07:16:06+00:00,48.855
2025-01-27 07:27:03+00:00,48.915
2025-01-27 07:45:11+00:00,48.985
2025-01-27 08:23:10+00:00,48.97
2025-01-27 08:46:24+00:00,48.575
2025-01-27 09:19:05+00:00,48.62
2025-01-27 09:33:02+00:00,48.615
2025-01-27 09:45:09+00:00,48.515
2025-01-27 10:17:47+00:00,48.67
2025-01-27 10:37:02+00:00,48.72
2025-01-27 10:48:07+00:00,48.69
2025-01-27 11:14:05+00:00,48.515
2025-01-27 11:25:06+00:00,48.715
2025-01-27 11:45:03+00:00,48.675
2025-01-27 12:35:06+00:00,48.075
2025-01-27 13:00:59+00:00,48.28
2025-01-27 13:32:09+00:00,48.215
2025-01-27 13:45:09+00:00,47.96
2025-01-27 14:16:07+00:00,48.05
2025-01-27 14:32:59+00:00,48.005
2025-01-27 14:45:08+00:00,48.38
2025-01-27 15:15:06+00:00,48.105
2025-01-27 15:26:04+00:00,48.13
2025-01-27 15:45:03+00:00,48.245
2025-01-27 16:21:06+00:00,48.015
2025-01-27 16:46:07+00:00,47.93
2025-01-27 16:59:55+00:00,48.0
2025-01-28 07:27:04+00:00,48.115
2025-01-28 07:44:39+00:00,48.28
2025-01-28 08:22:09+00:00,48.475
2025-01-28 08:46:00+00:00,48.6
2025-01-28 09:09:07+00:00,48.45
2025-01-28 09:31:07+00:00,48.615
2025-01-28 09:45:03+00:00,48.675
2025-01-28 10:18:05+00:00,48.57
2025-01-28 10:36:02+00:00,48.625
2025-01-28 10:47:02+00:00,48.645
2025-01-28 11:13:07+00:00,48.65
2025-01-28 11:25:04+00:00,48.565
2025-01-28 11:45:09+00:00,48.825
2025-01-28 12:34:01+00:00,48.44
2025-01-28 12:59:56+00:00,48.42
2025-01-28 13:31:07+00:00,48.405
2025-01-28 13:45:08+00:00,48.15
2025-01-28 14:16:06+00:00,48.245
2025-01-28 14:33:05+00:00,48.285
2025-01-28 14:45:05+00:00,48.195
2025-01-28 15:18:03+00:00,48.005
2025-01-28 15:31:51+00:00,47.965
2025-01-28 15:45:09+00:00,48.025
2025-01-28 16:21:00+00:00,48.29
2025-01-28 16:46:06+00:00,48.225
2025-01-28 16:59:52+00:00,48.5
2025-01-29 07:14:45+00:00,49.14
2025-01-29 07:26:10+00:00,49.09
2025-01-29 07:45:10+00:00,49.17
2025-01-29 08:22:06+00:00,49.01
2025-01-29 08:46:10+00:00,49.32
2025-01-29 09:17:04+00:00,49.395
2025-01-29 09:30:03+00:00,49.385
2025-01-29 09:45:02+00:00,49.37
2025-01-29 10:17:04+00:00,49.465
2025-01-29 10:34:51+00:00,49.655
2025-01-29 10:47:06+00:00,49.725
2025-01-29 11:12:50+00:00,49.64
2025-01-29 11:25:06+00:00,49.675
2025-01-29 11:45:07+00:00,49.68
2025-01-29 12:34:04+00:00,49.955
2025-01-29 13:00:09+00:00,50.565
2025-01-29 13:30:50+00:00,50.33
2025-01-29 13:45:05+00:00,50.21
2025-01-29 14:15:04+00:00,50.1
2025-01-29 14:32:08+00:00,50.3
2025-01-29 14:45:03+00:00,50.2
2025-01-29 15:18:06+00:00,50.44
2025-01-29 15:32:04+00:00,50.97
2025-01-29 15:44:59+00:00,50.875
2025-01-29 16:22:07+00:00,51.11
2025-01-29 16:45:57+00:00,51.12
2025-01-29 16:59:48+00:00,51.335
2025-01-30 07:15:04+00:00,50.855
2025-01-30 07:26:10+00:00,50.67
2025-01-30 07:45:09+00:00,50.525
2025-01-30 08:21:10+00:00,50.805
2025-01-30 08:45:09+00:00,50.49
2025-01-30 09:17:10+00:00,51.175
2025-01-30 09:29:04+00:00,51.18
2025-01-30 09:45:04+00:00,51.205
2025-01-30 10:17:07+00:00,51.63
2025-01-30 10:35:06+00:00,51.97
2025-01-30 10:46:10+00:00,52.03
2025-01-30 11:14:02+00:00,51.655
2025-01-30 11:26:10+00:00,51.96
2025-01-30 11:45:07+00:00,51.735
2025-01-30 12:34:06+00:00,51.95
2025-01-30 12:58:52+00:00,51.865
2025-01-30 13:31:08+00:00,52.0
2025-01-30 13:45:08+00:00,51.69
2025-01-30 14:16:06+00:00,52.355
2025-01-30 14:31:08+00:00,51.88
2025-01-30 14:45:11+00:00,51.9
2025-01-30 15:17:07+00:00,51.815
2025-01-30 15:31:11+00:00,51.765
2025-01-30 15:45:01+00:00,51.61
2025-01-30 16:21:06+00:00,51.78
2025-01-30 16:47:09+00:00,51.325
2025-01-30 16:59:55+00:00,51.315
2025-01-31 07:14:45+00:00,51.955
2025-01-31 07:27:06+00:00,52.2
2025-01-31 07:45:07+00:00,52.245
2025-01-31 08:21:05+00:00,52.11
2025-01-31 08:45:05+00:00,52.175
2025-01-31 09:17:07+00:00,51.955
2025-01-31 09:29:53+00:00,52.095
2025-01-31 09:45:03+00:00,52.22
2025-01-31 10:17:03+00:00,52.765
2025-01-31 10:36:07+00:00,52.655
2025-01-31 10:47:07+00:00,52.585
2025-01-31 11:13:04+00:00,52.665
2025-01-31 11:24:57+00:00,52.7
2025-01-31 11:45:07+00:00,52.905
2025-01-31 12:34:07+00:00,52.625
2025-01-31 12:59:02+00:00,52.705
2025-01-31 13:30:08+00:00,53.035
2025-01-31 13:45:05+00:00,53.165
2025-01-31 14:15:07+00:00,53.3
2025-01-31 14:29:58+00:00,53.565
2025-01-31 14:45:03+00:00,53.5
2025-01-31 15:15:05+00:00,53.565
2025-01-31 15:28:05+00:00,53.595
2025-01-31 15:45:06+00:00,53.365
2025-01-31 16:20:06+00:00,53.095
2025-01-31 16:46:09+00:00,53.605
2025-01-31 16:59:55+00:00,53.65
2025-02-03 07:17:09+00:00,53.87
2025-02-03 07:28:08+00:00,53.905
2025-02-03 07:45:10+00:00,53.535
2025-02-03 08:23:01+00:00,53.235
2025-02-03 08:46:02+00:00,52.91
2025-02-03 09:19:06+00:00,53.36
2025-02-03 09:45:07+00:00,53.825
2025-02-03 10:18:05+00:00,53.9
2025-02-03 10:36:02+00:00,54.2
2025-02-03 10:46:27+00:00,54.16
2025-02-03 11:13:06+00:00,54.05
2025-02-03 11:24:57+00:00,54.47
2025-02-03 11:44:58+00:00,54.485
2025-02-03 12:34:02+00:00,53.74
2025-02-03 12:59:59+00:00,53.56
2025-02-03 13:31:06+00:00,53.585
2025-02-03 13:45:02+00:00,53.705
2025-02-03 14:16:03+00:00,54.17
